66;   1;  0;  -2825.00
       78049          67797
       78079          67792
       78108          67787
       78138          67782
       78168          67777
       78197          67772
       78214          67770
       78205          67750
       78204          67747
       78203          67743
       78200          67737
       78196          67727
       78193          67718
       78186          67700
       78181          67688
       78177          67675
       78168          67650
       78163          67638
       78159          67625
       78150          67600
       78150          67600
       78150          67600
       78150          67600
       78146          67587
       78142          67575
       78134          67550
       78131          67538
       78127          67525
       78120          67500
       78117          67488
       78114          67475
       78108          67450
       78106          67441
       78104          67433
       78100          67416
       78099          67412
       78098          67408
       78097          67400
       78094          67388
       78092          67375
       78088          67350
       78086          67338
       78084          67325
       78080          67300
       78079          67290
       78077          67303
       78075          67316
       78071          67346
       78068          67375
       78067          67383
       78065          67413
       78063          67443
       78062          67458
       78060          67486
       78058          67519
       78057          67544
       78055          67574
       78054          67605
       78053          67637
       78053          67647
       78052          67678
       78051          67711
       78050          67742
       78049          67767
       78049          67767
       78048          67797
490;   1;  1;  -2825.00
       78446          61400
       78447          61397
       78448          61393
       78450          61386
       78453          61377
       78456          61368
       78461          61350
       78465          61338
       78469          61325
       78477          61300
       78481          61288
       78485          61275
       78493          61250
       78495          61244
       78496          61239
       78500          61228
       78502          61221
       78505          61214
       78509          61200
       78514          61188
       78518          61175
       78527          61150
       78531          61138
       78535          61125
       78544          61100
       78546          61096
       78547          61092
       78550          61084
       78553          61076
       78556          61067
       78563          61050
       78568          61038
       78573          61025
       78582          61000
       78587          60989
       78591          60977
       78600          60955
       78600          60954
       78601          60952
       78602          60950
       78607          60938
       78612          60925
       78622          60900
       78627          60888
       78633          60875
       78643          60850
       78645          60846
       78647          60842
       78650          60834
       78654          60825
       78657          60817
       78665          60800
       78670          60788
       78676          60775
       78687          60750
       78690          60743
       78693          60736
       78700          60721
       78702          60716
       78705          60711
       78710          60700
       78716          60688
       78721          60675
       78733          60650
       78737          60641
       78742          60632
       78750          60614
       78752          60610
       78753          60607
       78757          60600
       78762          60588
       78768          60575
       78780          60550
       78785          60539
       78790          60528
       78800          60507
       78801          60505
       78802          60503
       78803          60500
       78809          60488
       78815          60475
       78827          60450
       78833          60438
       78838          60426
       78850          60402
       78850          60401
       78850          60401
       78851          60400
       78857          60388
       78863          60375
       78875          60350
       78881          60338
       78888          60325
       78900          60301
       78900          60300
       78900          60300
       78900          60300
       78907          60288
       78913          60275
       78926          60250
       78932          60238
       78938          60227
       78950          60203
       78950          60203
       78951          60202
       78952          60200
       78959          60188
       78965          60175
       78979          60150
       78984          60140
       78989          60130
       79000          60111
       79001          60108
       79003          60105
       79006          60100
       79013          60088
       79020          60075
       79034          60050
       79038          60043
       79042          60035
       79050          60020
       79053          60015
       79056          60010
       79061          60000
       79068          59988
       79075          59975
       79089          59950
       79092          59945
       79095          59940
       79100          59931
       79104          59923
       79109          59915
       79117          59900
       79124          59888
       79131          59875
       79145          59850
       79146          59848
       79148          59846
       79150          59841
       79156          59831
       79161          59821
       79173          59800
       79179          59788
       79186          59775
       79200          59750
       79200          59750
       79200          59750
       79200          59749
       79206          59737
       79213          59725
       79226          59700
       79232          59688
       79238          59676
       79250          59652
       79250          59651
       79250          59651
       79251          59650
       79257          59638
       79263          59625
       79275          59600
       79281          59588
       79287          59575
       79298          59550
       79299          59549
       79299          59548
       79300          59547
       79305          59535
       79310          59523
       79320          59500
       79325          59488
       79330          59475
       79340          59450
       79343          59444
       79345          59437
       79350          59424
       79352          59418
       79354          59412
       79359          59400
       79363          59388
       79367          59375
       79375          59350
       79379          59338
       79383          59325
       79390          59300
       79392          59291
       79395          59282
       79400          59264
       79401          59260
       79402          59257
       79404          59250
       79407          59238
       79410          59225
       79416          59200
       79419          59188
       79422          59175
       79428          59150
       79431          59138
       79435          59125
       79441          59100
       79443          59092
       79445          59084
       79450          59068
       79451          59063
       79452          59059
       79455          59050
       79459          59038
       79463          59025
       79470          59000
       79475          58988
       79479          58975
       79488          58950
       79491          58942
       79494          58935
       79500          58920
       79502          58915
       79504          58910
       79508          58900
       79513          58888
       79518          58875
       79529          58850
       79534          58839
       79540          58829
       79550          58808
       79551          58806
       79552          58804
       79554          58800
       79560          58788
       79567          58775
       79580          58750
       79585          58741
       79590          58733
       79600          58716
       79602          58712
       79605          58708
       79610          58700
       79617          58688
       79625          58675
       79642          58650
       79644          58647
       79646          58644
       79650          58637
       79656          58628
       79663          58619
       79676          58600
       79682          58592
       79688          58583
       79700          58567
       79703          58563
       79706          58558
       79713          58550
       79722          58538
       79731          58527
       79750          58503
       79751          58502
       79751          58502
       79753          58500
       79763          58488
       79774          58475
       79795          58450
       79796          58449
       79797          58447
       79800          58444
       79809          58433
       79819          58422
       79838          58400
       79841          58397
       79844          58393
       79850          58386
       79858          58377
       79865          58368
       79881          58350
       79886          58344
       79890          58338
       79900          58327
       79905          58320
       79911          58313
       79922          58300
       79929          58291
       79936          58282
       79950          58264
       79953          58261
       79956          58257
       79961          58250
       79970          58238
       79979          58225
       79998          58200
       79998          58199
       79999          58199
       80000          58197
       80008          58185
       80016          58174
       80032          58150
       80037          58143
       80041          58136
       80050          58122
       80053          58117
       80057          58111
       80064          58100
       80071          58088
       80079          58075
       80094          58050
       80095          58047
       80097          58045
       80100          58039
       80105          58030
       80111          58020
       80121          58000
       80128          57988
       80134          57975
       80147          57950
       80148          57949
       80149          57947
       80150          57944
       80155          57933
       80160          57922
       80170          57900
       80176          57888
       80181          57875
       80192          57850
       80194          57845
       80196          57840
       80200          57829
       80203          57822
       80203          57820
       80189          57823
       80172          57828
       80143          57838
       80114          57849
       80088          57858
       80067          57864
       80039          57871
       80012          57883
       80007          57886
       79982          57902
       79959          57921
       79937          57944
       79925          57964
       79913          57993
       79900          58022
       79885          58045
       79858          58060
       79827          58067
       79802          58079
       79792          58096
       79786          58126
       79776          58155
       79760          58171
       79736          58188
       79711          58210
       79709          58212
       79692          58236
       79675          58263
       79658          58290
       79640          58311
       79619          58325
       79590          58336
       79567          58349
       79560          58358
       79551          58387
       79541          58416
       79533          58429
       79516          58455
       79499          58479
       79495          58486
       79481          58510
       79466          58538
       79465          58540
       79452          58565
       79439          58593
       79426          58621
       79425          58623
       79412          58651
       79400          58679
       79389          58705
       79387          58711
       79377          58739
       79368          58767
       79365          58778
       79357          58806
       79350          58836
       79347          58849
       79343          58875
       79337          58909
       79336          58918
       79332          58947
       79328          58979
       79323          59011
       79317          59039
       79315          59046
       79303          59074
       79290          59098
       79275          59126
       79272          59133
       79259          59159
       79245          59187
       79231          59215
       79218          59241
       79210          59258
       79195          59288
       79182          59315
       79170          59337
       79157          59355
       79140          59377
       79130          59397
       79117          59424
       79102          59453
       79099          59458
       79083          59482
       79066          59507
       79051          59534
       79047          59544
       79038          59574
       79030          59605
       79024          59631
       79018          59660
       79014          59687
       79014          59689
       79008          59717
       79002          59748
       78997          59772
       78989          59801
       78981          59832
       78979          59838
       78970          59866
       78961          59895
       78950          59924
       78945          59937
       78934          59966
       78922          59995
       78911          60020
       78907          60028
       78895          60054
       78879          60079
       78877          60082
       78860          60106
       78840          60132
       78823          60154
       78810          60171
       78791          60194
       78786          60200
       78767          60223
       78745          60249
       78728          60270
       78716          60286
       78701          60308
       78692          60322
       78677          60350
       78671          60365
       78659          60394
       78649          60423
       78646          60434
       78639          60460
       78633          60493
       78631          60504
       78627          60533
       78623          60565
       78619          60597
       78613          60625
       78610          60636
       78601          60664
       78590          60690
       78579          60719
       78576          60728
       78566          60757
       78556          60788
       78547          60817
       78539          60843
       78534          60862
       78526          60890
       78519          60916
       78516          60928
       78509          60957
       78502          60986
       78499          60998
       78494          61027
       78488          61057
       78485          61075
       78481          61102
       78476          61136
       78475          61143
       78471          61170
       78467          61201
       78463          61232
       78459          61263
       78458          61271
       78455          61302
       78451          61334
       78448          61364
       78446          61390
       78445          61404
308;   2;  0;  -2820.00
       78227          67768
       78256          67763
       78286          67758
       78316          67753
       78345          67748
       78375          67743
       78404          67738
       78434          67734
       78446          67732
       78446          67730
       78441          67720
       78432          67700
       78426          67688
       78421          67675
       78409          67650
       78407          67645
       78405          67640
       78400          67629
       78397          67622
       78394          67615
       78387          67600
       78382          67588
       78377          67575
       78366          67550
       78362          67540
       78358          67531
       78350          67512
       78349          67509
       78348          67506
       78345          67500
       78341          67488
       78336          67475
       78326          67450
       78321          67438
       78317          67425
       78307          67400
       78305          67395
       78304          67389
       78300          67378
       78298          67371
       78296          67364
       78292          67350
       78288          67338
       78285          67325
       78279          67300
       78276          67288
       78272          67275
       78265          67250
       78261          67238
       78258          67225
       78251          67200
       78251          67199
       78251          67198
       78250          67196
       78247          67184
       78245          67173
       78240          67150
       78237          67138
       78234          67125
       78229          67100
       78226          67088
       78224          67075
       78219          67050
       78216          67038
       78214          67025
       78209          67000
       78207          66988
       78204          66976
       78200          66952
       78200          66951
       78200          66951
       78200          66950
       78198          66938
       78196          66925
       78193          66900
       78192          66888
       78190          66875
       78187          66850
       78186          66838
       78185          66825
       78183          66800
       78182          66788
       78182          66775
       78180          66750
       78180          66738
       78180          66725
       78180          66700
       78180          66688
       78181          66675
       78182          66650
       78183          66638
       78184          66625
       78187          66600
       78189          66588
       78191          66575
       78196          66550
       78197          66546
       78198          66541
       78200          66532
       78202          66524
       78204          66516
       78209          66500
       78213          66488
       78217          66475
       78226          66450
       78231          66438
       78235          66425
       78245          66400
       78246          66397
       78248          66394
       78250          66388
       78254          66379
       78258          66369
       78266          66350
       78272          66338
       78278          66325
       78289          66300
       78292          66294
       78295          66289
       78300          66277
       78303          66270
       78306          66264
       78313          66250
       78319          66238
       78325          66225
       78336          66200
       78340          66192
       78343          66185
       78350          66170
       78352          66165
       78354          66160
       78359          66150
       78364          66138
       78369          66125
       78379          66100
       78383          66088
       78388          66075
       78396          66050
       78397          66047
       78398          66043
       78400          66036
       78402          66027
       78404          66018
       78408          66000
       78411          65988
       78413          65975
       78418          65950
       78420          65938
       78422          65925
       78426          65900
       78428          65888
       78430          65875
       78433          65850
       78435          65838
       78436          65825
       78439          65800
       78440          65788
       78440          65775
       78442          65750
       78442          65738
       78443          65725
       78444          65700
       78444          65688
       78444          65675
       78444          65650
       78443          65638
       78443          65625
       78442          65600
       78442          65588
       78441          65575
       78441          65550
       78440          65538
       78440          65525
       78439          65500
       78438          65488
       78438          65475
       78437          65450
       78436          65438
       78435          65425
       78434          65400
       78433          65388
       78432          65375
       78430          65350
       78428          65338
       78427          65325
       78424          65300
       78422          65288
       78420          65279
       78416          65299
       78409          65329
       78407          65337
       78400          65367
       78393          65396
       78386          65424
       78382          65441
       78374          65470
       78367          65498
       78362          65515
       78355          65543
       78347          65574
       78343          65588
       78336          65617
       78328          65647
       78320          65677
       78316          65692
       78308          65723
       78300          65752
       78293          65779
       78289          65795
       78281          65823
       78273          65851
       78267          65872
       78258          65901
       78250          65930
       78245          65945
       78238          65970
       78228          66004
       78226          66010
       78218          66037
       78209          66068
       78199          66100
       78190          66131
       78183          66156
       78175          66183
       78167          66209
       78160          66235
       78154          66255
       78146          66283
       78138          66313
       78135          66324
       78129          66355
       78122          66386
       78117          66413
       78117          66416
       78111          66444
       78106          66474
       78104          66486
       78100          66516
       78096          66548
       78093          66577
       78092          66594
       78091          66622
       78091          66653
       78091          66668
       78092          66698
       78093          66730
       78095          66760
       78096          66772
       78098          66803
       78100          66834
       78103          66861
       78104          66873
       78108          66903
       78113          66931
       78116          66946
       78124          66975
       78128          67005
       78127          67021
       78121          67046
       78113          67081
       78113          67082
       78108          67108
       78103          67140
       78097          67173
       78092          67204
       78088          67230
       78085          67248
       78081          67277
       78079          67290
       78080          67300
       78082          67313
       78084          67325
       78088          67350
       78090          67363
       78092          67375
       78097          67400
       78098          67404
       78098          67408
       78100          67416
       78102          67424
       78104          67433
       78108          67450
       78111          67463
       78114          67475
       78120          67500
       78124          67513
       78127          67525
       78134          67550
       78138          67562
       78142          67575
       78150          67600
       78150          67600
       78150          67600
       78150          67600
       78154          67613
       78159          67625
       78168          67650
       78172          67663
       78177          67675
       78186          67700
       78189          67709
       78193          67718
       78200          67737
       78201          67740
       78203          67743
       78205          67750
       78211          67763
       78214          67770
31;   2;  1;  -2820.00
       78268          64200
       78267          64188
       78266          64175
       78265          64150
       78265          64138
       78265          64125
       78264          64100
       78265          64088
       78265          64075
       78266          64050
       78267          64038
       78269          64025
       78272          64000
       78274          63988
       78276          63975
       78280          63950
       78283          63938
       78284          63936
       78274          63958
       78261          63988
       78251          64013
       78249          64019
       78235          64046
       78229          64074
       78229          64076
       78234          64104
       78243          64135
       78252          64164
       78258          64182
       78268          64209
       78269          64210
794;   2;  2;  -2820.00
       78593          62425
       78590          62400
       78589          62388
       78587          62375
       78584          62350
       78582          62338
       78581          62325
       78578          62300
       78576          62288
       78575          62275
       78572          62250
       78570          62238
       78569          62225
       78566          62200
       78565          62188
       78563          62175
       78561          62150
       78560          62138
       78559          62125
       78557          62100
       78556          62088
       78555          62075
       78553          62050
       78552          62040
       78551          62030
       78550          62010
       78550          62008
       78550          62005
       78549          62000
       78549          61988
       78548          61975
       78546          61950
       78546          61938
       78546          61925
       78545          61900
       78545          61888
       78545          61875
       78545          61850
       78546          61838
       78547          61825
       78548          61800
       78549          61797
       78549          61794
       78550          61788
       78552          61778
       78553          61769
       78556          61750
       78559          61738
       78562          61725
       78568          61700
       78572          61688
       78575          61675
       78582          61650
       78586          61638
       78590          61625
       78598          61600
       78598          61598
       78599          61597
       78600          61594
       78604          61583
       78608          61572
       78616          61550
       78620          61538
       78625          61525
       78634          61500
       78638          61489
       78642          61478
       78650          61456
       78651          61455
       78651          61453
       78652          61450
       78657          61438
       78663          61425
       78672          61400
       78678          61388
       78683          61375
       78693          61350
       78694          61345
       78696          61341
       78700          61332
       78703          61324
       78707          61316
       78713          61300
       78719          61288
       78724          61275
       78735          61250
       78739          61241
       78742          61232
       78750          61215
       78752          61211
       78753          61207
       78757          61200
       78763          61188
       78768          61175
       78780          61150
       78785          61139
       78790          61129
       78800          61107
       78801          61105
       78802          61104
       78804          61100
       78810          61088
       78817          61075
       78830          61050
       78835          61040
       78840          61030
       78850          61010
       78852          61008
       78853          61005
       78857          61000
       78864          60988
       78871          60975
       78886          60950
       78889          60944
       78893          60937
       78900          60925
       78904          60918
       78909          60912
       78917          60900
       78925          60888
       78933          60875
       78948          60850
       78948          60849
       78949          60848
       78950          60846
       78959          60834
       78967          60823
       78981          60800
       78986          60792
       78991          60784
       79000          60768
       79003          60764
       79006          60759
       79012          60750
       79020          60738
       79027          60725
       79040          60700
       79043          60695
       79045          60691
       79050          60682
       79055          60674
       79059          60666
       79067          60650
       79074          60638
       79081          60625
       79093          60600
       79095          60597
       79097          60594
       79100          60588
       79105          60578
       79110          60569
       79120          60550
       79127          60538
       79134          60525
       79147          60500
       79148          60499
       79148          60497
       79150          60494
       79156          60483
       79162          60472
       79174          60450
       79180          60438
       79187          60426
       79200          60402
       79200          60401
       79200          60401
       79201          60400
       79208          60388
       79215          60375
       79228          60350
       79234          60340
       79239          60331
       79250          60312
       79252          60309
       79253          60306
       79256          60300
       79263          60288
       79270          60275
       79284          60250
       79288          60243
       79292          60236
       79300          60222
       79303          60216
       79306          60211
       79312          60200
       79319          60188
       79326          60175
       79340          60150
       79343          60146
       79345          60141
       79350          60133
       79354          60125
       79359          60116
       79368          60100
       79375          60088
       79382          60075
       79396          60050
       79397          60048
       79398          60047
       79400          60044
       79406          60033
       79412          60022
       79425          60000
       79431          59989
       79437          59978
       79450          59956
       79451          59954
       79452          59953
       79453          59950
       79460          59938
       79467          59925
       79482          59900
       79486          59892
       79491          59884
       79500          59868
       79503          59864
       79505          59859
       79511          59850
       79517          59838
       79524          59825
       79539          59800
       79541          59795
       79544          59789
       79550          59779
       79554          59772
       79558          59764
       79566          59750
       79572          59738
       79579          59725
       79593          59700
       79594          59696
       79596          59693
       79600          59686
       79605          59677
       79609          59668
       79618          59650
       79624          59638
       79631          59625
       79643          59600
       79645          59596
       79646          59592
       79650          59584
       79654          59576
       79658          59567
       79666          59550
       79671          59538
       79676          59525
       79687          59500
       79690          59491
       79694          59483
       79700          59466
       79701          59462
       79703          59458
       79706          59450
       79710          59438
       79713          59425
       79721          59400
       79723          59388
       79726          59375
       79731          59350
       79733          59338
       79735          59325
       79738          59300
       79740          59288
       79741          59275
       79744          59250
       79745          59238
       79746          59225
       79748          59200
       79748          59194
       79749          59187
       79750          59174
       79751          59168
       79751          59162
       79752          59150
       79754          59138
       79755          59125
       79759          59100
       79761          59088
       79764          59075
       79770          59050
       79774          59038
       79778          59025
       79788          59000
       79791          58994
       79794          58988
       79800          58976
       79804          58970
       79807          58963
       79814          58950
       79823          58938
       79832          58925
       79849          58900
       79849          58900
       79849          58899
       79850          58899
       79859          58886
       79869          58874
       79887          58850
       79890          58846
       79893          58842
       79900          58834
       79907          58825
       79914          58817
       79927          58800
       79933          58793
       79939          58787
       79950          58774
       79955          58768
       79960          58762
       79970          58750
       79977          58741
       79985          58733
       80000          58715
       80003          58711
       80006          58708
       80013          58700
       80022          58689
       80031          58678
       80050          58656
       80051          58655
       80053          58653
       80055          58650
       80066          58638
       80076          58625
       80098          58600
       80098          58599
       80099          58599
       80100          58597
       80110          58585
       80119          58574
       80139          58550
       80142          58547
       80145          58544
       80150          58537
       80158          58528
       80165          58519
       80181          58500
       80185          58494
       80190          58488
       80200          58476
       80205          58469
       80210          58463
       80220          58450
       80227          58439
       80235          58429
       80250          58407
       80251          58406
       80253          58404
       80255          58400
       80263          58388
       80271          58375
       80286          58350
       80290          58344
       80293          58338
       80300          58326
       80304          58320
       80307          58313
       80314          58300
       80321          58288
       80328          58275
       80342          58250
       80344          58246
       80346          58243
       80350          58236
       80355          58227
       80360          58218
       80369          58200
       80376          58188
       80383          58175
       80397          58150
       80397          58148
       80398          58147
       80400          58143
       80405          58133
       80411          58122
       80422          58100
       80428          58088
       80434          58075
       80446          58050
       80447          58047
       80448          58045
       80450          58040
       80454          58030
       80458          58020
       80467          58000
       80472          57988
       80477          57975
       80487          57950
       80490          57941
       80493          57932
       80500          57914
       80501          57910
       80502          57907
       80505          57900
       80509          57888
       80513          57875
       80521          57850
       80525          57838
       80529          57825
       80537          57800
       80540          57789
       80544          57778
       80550          57756
       80550          57755
       80551          57753
       80552          57750
       80555          57738
       80558          57725
       80564          57703
       80563          57702
       80540          57683
       80531          57675
       80528          57677
       80499          57690
       80475          57702
       80463          57710
       80441          57726
       80415          57743
       80409          57746
       80384          57759
       80356          57773
       80327          57787
       80299          57798
       80276          57805
       80247          57811
       80217          57816
       80203          57820
       80200          57829
       80198          57834
       80196          57840
       80192          57850
       80186          57863
       80181          57875
       80170          57900
       80165          57911
       80160          57922
       80150          57944
       80149          57946
       80149          57947
       80147          57950
       80141          57963
       80134          57975
       80121          58000
       80116          58010
       80111          58020
       80100          58039
       80098          58042
       80097          58045
       80094          58050
       80086          58063
       80079          58075
       80064          58100
       80061          58106
       80057          58111
       80050          58122
       80046          58129
       80041          58136
       80032          58150
       80024          58162
       80016          58174
       80000          58197
       79999          58198
       79999          58199
       79998          58200
       79989          58213
       79979          58225
       79961          58250
       79958          58254
       79956          58257
       79950          58264
       79943          58273
       79936          58282
       79922          58300
       79916          58307
       79911          58313
       79900          58327
       79895          58333
       79890          58338
       79881          58350
       79873          58359
       79865          58368
       79850          58386
       79847          58390
       79844          58393
       79838          58400
       79829          58411
       79819          58422
       79800          58444
       79799          58446
       79797          58447
       79795          58450
       79784          58463
       79774          58475
       79753          58500
       79752          58501
       79751          58502
       79750          58503
       79741          58515
       79731          58527
       79713          58550
       79710          58554
       79706          58558
       79700          58567
       79694          58575
       79688          58583
       79676          58600
       79669          58609
       79663          58619
       79650          58637
       79648          58640
       79646          58644
       79642          58650
       79633          58663
       79625          58675
       79610          58700
       79607          58704
       79605          58708
       79600          58716
       79595          58724
       79590          58733
       79580          58750
       79573          58763
       79567          58775
       79554          58800
       79553          58802
       79552          58804
       79550          58808
       79545          58818
       79540          58829
       79529          58850
       79524          58863
       79518          58875
       79508          58900
       79506          58905
       79504          58910
       79500          58920
       79497          58927
       79494          58935
       79488          58950
       79484          58963
       79479          58975
       79470          59000
       79466          59013
       79463          59025
       79455          59050
       79454          59054
       79452          59059
       79450          59068
       79448          59076
       79445          59084
       79441          59100
       79438          59113
       79435          59125
       79428          59150
       79425          59163
       79422          59175
       79416          59200
       79413          59213
       79410          59225
       79404          59250
       79403          59253
       79402          59257
       79400          59264
       79398          59273
       79395          59282
       79390          59300
       79386          59313
       79383          59325
       79375          59350
       79371          59363
       79367          59375
       79359          59400
       79356          59406
       79354          59412
       79350          59424
       79348          59431
       79345          59437
       79340          59450
       79335          59463
       79330          59475
       79320          59500
       79315          59512
       79310          59523
       79300          59547
       79300          59547
       79299          59548
       79298          59550
       79293          59563
       79287          59575
       79275          59600
       79269          59613
       79263          59625
       79251          59650
       79251          59650
       79250          59651
       79250          59652
       79244          59664
       79238          59676
       79226          59700
       79219          59712
       79213          59725
       79200          59749
       79200          59749
       79200          59750
       79200          59750
       79193          59763
       79186          59775
       79173          59800
       79167          59810
       79161          59821
       79150          59841
       79149          59843
       79148          59846
       79145          59850
       79138          59863
       79131          59875
       79117          59900
       79113          59908
       79109          59915
       79100          59931
       79097          59936
       79095          59940
       79089          59950
       79082          59963
       79075          59975
       79061          60000
       79059          60005
       79056          60010
       79050          60020
       79046          60028
       79042          60035
       79034          60050
       79027          60063
       79020          60075
       79006          60100
       79004          60103
       79003          60105
       79000          60111
       78995          60120
       78989          60130
       78979          60150
       78972          60163
       78965          60175
       78952          60200
       78951          60201
       78951          60202
       78950          60203
       78944          60215
       78938          60227
       78926          60250
       78919          60263
       78913          60275
       78900          60300
       78900          60300
       78900          60300
       78900          60301
       78894          60313
       78888          60325
       78875          60350
       78869          60363
       78863          60375
       78851          60400
       78851          60400
       78850          60401
       78850          60402
       78844          60414
       78838          60426
       78827          60450
       78821          60463
       78815          60475
       78803          60500
       78802          60502
       78802          60503
       78800          60507
       78795          60518
       78790          60528
       78780          60550
       78774          60563
       78768          60575
       78757          60600
       78755          60603
       78753          60607
       78750          60614
       78746          60623
       78742          60632
       78733          60650
       78727          60663
       78721          60675
       78710          60700
       78707          60705
       78705          60711
       78700          60721
       78697          60728
       78693          60736
       78687          60750
       78681          60763
       78676          60775
       78665          60800
       78661          60808
       78657          60817
       78650          60834
       78648          60838
       78647          60842
       78643          60850
       78638          60863
       78633          60875
       78622          60900
       78617          60913
       78612          60925
       78602          60950
       78601          60951
       78601          60952
       78600          60955
       78595          60966
       78591          60977
       78582          61000
       78577          61013
       78573          61025
       78563          61050
       78560          61059
       78556          61067
       78550          61084
       78549          61088
       78547          61092
       78544          61100
       78540          61113
       78535          61125
       78527          61150
       78522          61163
       78518          61175
       78509          61200
       78507          61207
       78505          61214
       78500          61228
       78498          61233
       78496          61239
       78493          61250
       78489          61263
       78485          61275
       78477          61300
       78473          61313
       78469          61325
       78461          61350
       78458          61359
       78456          61368
       78450          61386
       78449          61390
       78448          61393
       78446          61400
       78445          61404
       78444          61412
       78442          61441
       78440          61468
       78439          61481
       78439          61512
       78439          61541
       78439          61548
       78440          61577
       78441          61608
       78441          61610
       78443          61638
       78446          61669
       78449          61700
       78449          61701
       78452          61731
       78456          61762
       78459          61790
       78460          61796
       78464          61826
       78468          61855
       78470          61869
       78475          61899
       78480          61929
       78482          61940
       78487          61965
       78494          62000
       78499          62024
       78505          62055
       78511          62088
       78518          62119
       78523          62145
       78527          62165
       78534          62193
       78540          62219
       78544          62236
       78551          62265
       78558          62294
       78563          62312
       78570          62341
       78578          62370
       78582          62386
       78589          62412
       78594          62429
1527;   3;  0;  -2815.00
       78464          67729
       78493          67724
       78523          67719
       78552          67714
       78582          67709
       78612          67705
       78641          67700
       78671          67695
       78700          67690
       78730          67685
       78760          67680
       78789          67676
       78800          67674
       78800          67673
       78797          67667
       78794          67662
       78788          67650
       78781          67638
       78775          67625
       78763          67600
       78760          67593
       78757          67585
       78750          67570
       78748          67565
       78746          67560
       78741          67550
       78736          67538
       78731          67525
       78722          67500
       78717          67488
       78712          67475
       78704          67450
       78703          67447
       78702          67444
       78700          67439
       78697          67429
       78694          67419
       78687          67400
       78684          67388
       78680          67375
       78673          67350
       78670          67338
       78666          67325
       78660          67300
       78658          67291
       78655          67282
       78650          67265
       78649          67261
       78648          67257
       78645          67250
       78640          67238
       78635          67225
       78625          67200
       78620          67188
       78614          67175
       78603          67150
       78603          67148
       78602          67147
       78600          67143
       78595          67132
       78589          67122
       78578          67100
       78571          67088
       78564          67075
       78551          67050
       78551          67050
       78551          67049
       78550          67048
       78543          67036
       78537          67024
       78523          67000
       78517          66989
       78512          66978
       78500          66956
       78499          66954
       78499          66953
       78497          66950
       78491          66938
       78485          66925
       78473          66900
       78467          66888
       78462          66875
       78451          66850
       78451          66849
       78451          66849
       78450          66847
       78446          66835
       78441          66824
       78433          66800
       78430          66788
       78426          66775
       78420          66750
       78418          66738
       78416          66725
       78412          66700
       78412          66688
       78411          66675
       78411          66650
       78412          66638
       78413          66625
       78415          66600
       78417          66588
       78419          66575
       78423          66550
       78427          66538
       78430          66525
       78436          66500
       78440          66489
       78443          66478
       78450          66457
       78451          66455
       78451          66453
       78452          66450
       78457          66438
       78461          66425
       78471          66400
       78476          66388
       78480          66375
       78490          66350
       78493          66344
       78495          66338
       78500          66325
       78502          66319
       78505          66313
       78510          66300
       78514          66288
       78519          66275
       78527          66250
       78531          66238
       78535          66225
       78542          66200
       78544          66192
       78546          66184
       78550          66168
       78551          66163
       78552          66159
       78554          66150
       78556          66138
       78558          66125
       78561          66100
       78562          66088
       78563          66075
       78565          66050
       78565          66038
       78565          66025
       78565          66000
       78565          65988
       78566          65975
       78567          65950
       78568          65938
       78569          65925
       78571          65900
       78572          65888
       78574          65875
       78578          65850
       78580          65838
       78581          65825
       78585          65800
       78587          65788
       78588          65775
       78591          65750
       78592          65738
       78592          65725
       78593          65700
       78592          65688
       78591          65675
       78589          65650
       78588          65638
       78586          65625
       78583          65600
       78581          65588
       78580          65575
       78577          65550
       78575          65538
       78574          65525
       78572          65500
       78572          65488
       78571          65475
       78570          65450
       78569          65438
       78569          65425
       78568          65400
       78567          65388
       78567          65375
       78566          65350
       78565          65338
       78564          65325
       78561          65300
       78560          65288
       78558          65275
       78555          65250
       78554          65242
       78552          65235
       78550          65220
       78549          65215
       78548          65210
       78547          65200
       78544          65188
       78541          65175
       78536          65150
       78533          65138
       78531          65125
       78525          65100
       78522          65088
       78519          65075
       78513          65050
       78511          65038
       78508          65025
       78502          65000
       78502          64997
       78501          64995
       78500          64989
       78498          64979
       78496          64970
       78491          64950
       78489          64938
       78487          64925
       78482          64900
       78480          64888
       78477          64875
       78473          64850
       78471          64838
       78469          64825
       78465          64800
       78463          64788
       78461          64775
       78458          64750
       78456          64738
       78454          64725
       78451          64700
       78451          64698
       78450          64696
       78450          64693
       78449          64682
       78447          64671
       78445          64650
       78444          64638
       78442          64625
       78440          64600
       78439          64588
       78437          64575
       78434          64550
       78433          64538
       78431          64525
       78428          64500
       78427          64488
       78425          64475
       78422          64450
       78420          64438
       78419          64425
       78415          64400
       78413          64388
       78411          64375
       78406          64350
       78405          64341
       78403          64333
       78400          64315
       78399          64311
       78399          64308
       78397          64300
       78395          64288
       78392          64275
       78388          64250
       78386          64238
       78384          64225
       78380          64200
       78379          64188
       78378          64175
       78375          64150
       78375          64138
       78374          64125
       78373          64100
       78374          64088
       78374          64075
       78375          64050
       78377          64038
       78379          64025
       78382          64000
       78385          63988
       78388          63975
       78395          63950
       78396          63946
       78397          63942
       78400          63934
       78403          63926
       78406          63917
       78412          63900
       78416          63888
       78422          63875
       78433          63850
       78437          63842
       78441          63834
       78450          63818
       78453          63813
       78455          63809
       78461          63800
       78468          63788
       78476          63775
       78492          63750
       78494          63747
       78496          63744
       78500          63737
       78506          63728
       78512          63719
       78524          63700
       78531          63689
       78537          63677
       78550          63655
       78551          63654
       78551          63652
       78553          63650
       78559          63638
       78564          63625
       78576          63600
       78581          63588
       78586          63575
       78596          63550
       78597          63547
       78598          63544
       78600          63537
       78603          63528
       78605          63519
       78611          63500
       78614          63488
       78618          63475
       78625          63450
       78628          63438
       78632          63425
       78639          63400
       78642          63391
       78645          63382
       78650          63365
       78651          63361
       78652          63357
       78654          63350
       78658          63338
       78661          63325
       78668          63300
       78671          63288
       78674          63275
       78681          63250
       78684          63238
       78687          63225
       78692          63200
       78694          63190
       78696          63181
       78700          63162
       78701          63159
       78701          63156
       78702          63150
       78704          63138
       78706          63125
       78710          63100
       78712          63088
       78713          63075
       78716          63050
       78717          63038
       78718          63025
       78720          63000
       78720          62988
       78720          62975
       78721          62950
       78721          62938
       78721          62925
       78720          62900
       78720          62888
       78720          62875
       78719          62850
       78719          62838
       78718          62825
       78718          62800
       78719          62788
       78719          62775
       78720          62750
       78722          62738
       78723          62725
       78726          62700
       78727          62688
       78728          62675
       78731          62650
       78732          62638
       78734          62625
       78736          62600
       78736          62588
       78736          62575
       78736          62550
       78735          62538
       78735          62525
       78733          62500
       78731          62488
       78730          62475
       78727          62450
       78725          62438
       78723          62425
       78719          62400
       78717          62388
       78715          62375
       78711          62350
       78709          62338
       78708          62325
       78704          62300
       78703          62288
       78702          62275
       78700          62250
       78700          62239
       78700          62228
       78700          62206
       78700          62205
       78700          62203
       78700          62200
       78700          62200
       78700          62200
       78700          62199
       78701          62187
       78702          62175
       78704          62150
       78706          62138
       78708          62125
       78713          62100
       78717          62088
       78720          62075
       78728          62050
       78732          62038
       78737          62025
       78747          62000
       78748          61998
       78749          61997
       78750          61994
       78755          61983
       78760          61972
       78772          61950
       78778          61938
       78785          61925
       78800          61901
       78800          61901
       78800          61900
       78801          61900
       78807          61888
       78814          61875
       78828          61850
       78834          61839
       78839          61828
       78850          61805
       78851          61804
       78851          61803
       78852          61800
       78856          61788
       78860          61775
       78867          61750
       78870          61738
       78873          61725
       78878          61700
       78880          61688
       78882          61675
       78886          61650
       78888          61638
       78890          61625
       78895          61600
       78896          61595
       78898          61590
       78900          61580
       78902          61572
       78903          61565
       78907          61550
       78910          61538
       78913          61525
       78921          61500
       78925          61488
       78929          61475
       78939          61450
       78941          61444
       78944          61437
       78950          61425
       78953          61419
       78955          61412
       78961          61400
       78968          61388
       78975          61375
       78990          61350
       78992          61347
       78995          61343
       79000          61336
       79007          61327
       79014          61318
       79029          61300
       79034          61295
       79040          61289
       79050          61280
       79060          61271
       79069          61264
       79088          61250
       79091          61248
       79094          61246
       79100          61242
       79113          61235
       79125          61228
       79150          61217
       79162          61212
       79173          61208
       79196          61200
       79197          61200
       79198          61199
       79200          61199
       79213          61194
       79225          61191
       79250          61183
       79263          61179
       79275          61175
       79300          61168
       79312          61163
       79324          61159
       79349          61150
       79349          61150
       79349          61150
       79350          61150
       79363          61142
       79375          61135
       79400          61121
       79407          61116
       79413          61111
       79427          61100
       79433          61094
       79439          61088
       79450          61076
       79455          61070
       79461          61063
       79471          61050
       79478          61038
       79484          61025
       79496          61000
       79497          60997
       79498          60993
       79500          60986
       79502          60977
       79504          60968
       79509          60950
       79510          60938
       79511          60925
       79513          60900
       79513          60888
       79513          60875
       79512          60850
       79511          60838
       79510          60825
       79507          60800
       79506          60788
       79504          60775
       79501          60750
       79501          60748
       79501          60745
       79500          60741
       79499          60731
       79497          60720
       79494          60700
       79493          60688
       79491          60675
       79488          60650
       79488          60638
       79487          60625
       79486          60600
       79487          60588
       79487          60575
       79489          60550
       79490          60538
       79492          60525
       79495          60500
       79496          60494
       79498          60488
       79500          60476
       79501          60469
       79502          60463
       79505          60450
       79508          60438
       79511          60425
       79517          60400
       79520          60388
       79524          60375
       79531          60350
       79535          60338
       79539          60325
       79546          60300
       79547          60298
       79548          60295
       79550          60290
       79554          60280
       79557          60270
       79564          60250
       79569          60238
       79575          60225
       79585          60200
       79589          60192
       79592          60184
       79600          60169
       79602          60164
       79604          60159
       79609          60150
       79616          60138
       79622          60125
       79636          60100
       79639          60094
       79643          60088
       79650          60076
       79654          60070
       79658          60063
       79666          60050
       79674          60038
       79682          60025
       79698          60000
       79699          59999
       79699          59999
       79700          59997
       79708          59985
       79716          59974
       79733          59950
       79737          59944
       79741          59938
       79750          59925
       79754          59919
       79759          59913
       79768          59900
       79776          59889
       79784          59878
       79800          59855
       79801          59854
       79802          59853
       79804          59850
       79813          59838
       79822          59825
       79839          59800
       79842          59796
       79845          59792
       79850          59784
       79856          59776
       79862          59767
       79874          59750
       79880          59740
       79887          59731
       79900          59711
       79902          59708
       79904          59706
       79908          59700
       79916          59688
       79924          59675
       79941          59650
       79943          59646
       79945          59642
       79950          59635
       79956          59626
       79961          59617
       79973          59600
       79979          59589
       79986          59578
       80000          59556
       80001          59554
       80002          59553
       80004          59550
       80011          59538
       80018          59525
       80033          59500
       80037          59491
       80041          59483
       80050          59465
       80052          59461
       80054          59458
       80058          59450
       80062          59438
       80067          59425
       80077          59400
       80081          59388
       80084          59375
       80092          59350
       80094          59340
       80096          59331
       80100          59311
       80101          59308
       80101          59306
       80102          59300
       80104          59288
       80107          59275
       80111          59250
       80113          59238
       80115          59225
       80119          59200
       80122          59188
       80124          59175
       80129          59150
       80132          59138
       80135          59125
       80141          59100
       80143          59093
       80146          59086
       80150          59072
       80152          59066
       80153          59061
       80156          59050
       80161          59038
       80166          59025
       80175          59000
       80181          58988
       80186          58975
       80198          58950
       80199          58949
       80199          58948
       80200          58946
       80206          58935
       80212          58923
       80224          58900
       80230          58889
       80237          58877
       80250          58854
       80251          58853
       80251          58852
       80252          58850
       80260          58838
       80268          58825
       80283          58800
       80287          58794
       80291          58787
       80300          58775
       80304          58768
       80308          58762
       80316          58750
       80324          58738
       80333          58725
       80350          58701
       80350          58701
       80350          58700
       80351          58700
       80359          58688
       80368          58675
       80386          58650
       80389          58645
       80393          58640
       80400          58630
       80405          58623
       80410          58615
       80421          58600
       80428          58589
       80435          58578
       80450          58556
       80451          58555
       80452          58553
       80454          58550
       80462          58538
       80469          58525
       80484          58500
       80488          58493
       80492          58486
       80500          58472
       80503          58467
       80506          58461
       80512          58450
       80519          58438
       80525          58425
       80538          58400
       80541          58394
       80544          58389
       80550          58377
       80553          58370
       80557          58364
       80564          58350
       80570          58338
       80576          58325
       80588          58300
       80591          58294
       80594          58288
       80600          58277
       80603          58270
       80607          58263
       80613          58250
       80619          58238
       80625          58225
       80637          58200
       80640          58193
       80644          58187
       80650          58173
       80653          58168
       80655          58162
       80661          58150
       80667          58138
       80672          58125
       80684          58100
       80688          58091
       80692          58082
       80700          58065
       80702          58061
       80703          58057
       80707          58050
       80712          58038
       80717          58025
       80728          58000
       80734          57988
       80739          57975
       80750          57950
       80750          57950
       80750          57950
       80750          57950
       80755          57937
       80760          57925
       80771          57900
       80776          57888
       80779          57879
       80766          57873
       80746          57856
       80723          57837
       80700          57818
       80677          57799
       80654          57779
       80632          57760
       80609          57741
       80586          57721
       80564          57703
       80562          57713
       80558          57725
       80552          57750
       80551          57752
       80551          57753
       80550          57756
       80547          57767
       80544          57778
       80537          57800
       80533          57813
       80529          57825
       80521          57850
       80517          57863
       80513          57875
       80505          57900
       80504          57903
       80502          57907
       80500          57914
       80497          57923
       80493          57932
       80487          57950
       80482          57963
       80477          57975
       80467          58000
       80463          58010
       80458          58020
       80450          58040
       80449          58042
       80448          58045
       80446          58050
       80440          58063
       80434          58075
       80422          58100
       80416          58111
       80411          58122
       80400          58143
       80399          58145
       80398          58147
       80397          58150
       80390          58163
       80383          58175
       80369          58200
       80365          58209
       80360          58218
       80350          58236
       80348          58239
       80346          58243
       80342          58250
       80335          58263
       80328          58275
       80314          58300
       80311          58307
       80307          58313
       80300          58326
       80297          58332
       80293          58338
       80286          58350
       80278          58363
       80271          58375
       80255          58400
       80254          58402
       80253          58404
       80250          58407
       80243          58418
       80235          58429
       80220          58450
       80215          58456
       80210          58463
       80200          58476
       80195          58482
       80190          58488
       80181          58500
       80173          58509
       80165          58519
       80150          58537
       80147          58540
       80145          58544
       80139          58550
       80129          58562
       80119          58574
       80100          58597
       80099          58598
       80099          58599
       80098          58600
       80087          58613
       80076          58625
       80055          58650
       80054          58652
       80053          58653
       80050          58656
       80041          58667
       80031          58678
       80013          58700
       80009          58704
       80006          58708
       80000          58715
       79992          58724
       79985          58733
       79970          58750
       79965          58756
       79960          58762
       79950          58774
       79944          58780
       79939          58787
       79927          58800
       79920          58808
       79914          58817
       79900          58834
       79897          58838
       79893          58842
       79887          58850
       79878          58862
       79869          58874
       79850          58899
       79850          58899
       79849          58899
       79849          58900
       79840          58913
       79832          58925
       79814          58950
       79811          58957
       79807          58963
       79800          58976
       79797          58982
       79794          58988
       79788          59000
       79783          59013
       79778          59025
       79770          59050
       79767          59063
       79764          59075
       79759          59100
       79757          59113
       79755          59125
       79752          59150
       79752          59156
       79751          59162
       79750          59174
       79749          59181
       79749          59187
       79748          59200
       79747          59213
       79746          59225
       79744          59250
       79742          59263
       79741          59275
       79738          59300
       79737          59313
       79735          59325
       79731          59350
       79729          59363
       79726          59375
       79721          59400
       79717          59413
       79713          59425
       79706          59450
       79704          59454
       79703          59458
       79700          59466
       79697          59474
       79694          59483
       79687          59500
       79682          59513
       79676          59525
       79666          59550
       79662          59559
       79658          59567
       79650          59584
       79648          59588
       79646          59592
       79643          59600
       79637          59613
       79631          59625
       79618          59650
       79614          59659
       79609          59668
       79600          59686
       79598          59689
       79596          59693
       79593          59700
       79586          59713
       79579          59725
       79566          59750
       79562          59757
       79558          59764
       79550          59779
       79547          59784
       79544          59789
       79539          59800
       79531          59813
       79524          59825
       79511          59850
       79508          59855
       79505          59859
       79500          59868
       79495          59876
       79491          59884
       79482          59900
       79475          59913
       79467          59925
       79453          59950
       79453          59951
       79452          59953
       79450          59956
       79443          59967
       79437          59978
       79425          60000
       79418          60011
       79412          60022
       79400          60044
       79399          60045
       79398          60047
       79396          60050
       79389          60063
       79382          60075
       79368          60100
       79363          60108
       79359          60116
       79350          60133
       79348          60137
       79345          60141
       79340          60150
       79333          60163
       79326          60175
       79312          60200
       79309          60205
       79306          60211
       79300          60222
       79296          60229
       79292          60236
       79284          60250
       79277          60263
       79270          60275
       79256          60300
       79255          60303
       79253          60306
       79250          60312
       79245          60321
       79239          60331
       79228          60350
       79222          60363
       79215          60375
       79201          60400
       79201          60400
       79200          60401
       79200          60402
       79194          60414
       79187          60426
       79174          60450
       79168          60461
       79162          60472
       79150          60494
       79149          60496
       79148          60497
       79147          60500
       79140          60513
       79134          60525
       79120          60550
       79115          60559
       79110          60569
       79100          60588
       79098          60591
       79097          60594
       79093          60600
       79087          60613
       79081          60625
       79067          60650
       79063          60658
       79059          60666
       79050          60682
       79048          60686
       79045          60691
       79040          60700
       79034          60713
       79027          60725
       79012          60750
       79009          60755
       79006          60759
       79000          60768
       78996          60776
       78991          60784
       78981          60800
       78974          60811
       78967          60823
       78950          60846
       78949          60847
       78949          60848
       78948          60850
       78940          60863
       78933          60875
       78917          60900
       78913          60906
       78909          60912
       78900          60925
       78897          60931
       78893          60937
       78886          60950
       78879          60963
       78871          60975
       78857          61000
       78855          61003
       78853          61005
       78850          61010
       78845          61020
       78840          61030
       78830          61050
       78823          61063
       78817          61075
       78804          61100
       78803          61102
       78802          61104
       78800          61107
       78795          61118
       78790          61129
       78780          61150
       78774          61163
       78768          61175
       78757          61200
       78755          61204
       78753          61207
       78750          61215
       78746          61224
       78742          61232
       78735          61250
       78730          61263
       78724          61275
       78713          61300
       78710          61308
       78707          61316
       78700          61332
       78698          61336
       78696          61341
       78693          61350
       78688          61363
       78683          61375
       78672          61400
       78668          61413
       78663          61425
       78652          61450
       78652          61452
       78651          61453
       78650          61456
       78646          61467
       78642          61478
       78634          61500
       78629          61513
       78625          61525
       78616          61550
       78612          61561
       78608          61572
       78600          61594
       78599          61595
       78599          61597
       78598          61600
       78594          61613
       78590          61625
       78582          61650
       78579          61663
       78575          61675
       78568          61700
       78565          61713
       78562          61725
       78556          61750
       78555          61759
       78553          61769
       78550          61788
       78550          61791
       78549          61794
       78548          61800
       78548          61813
       78547          61825
       78545          61850
       78545          61863
       78545          61875
       78545          61900
       78545          61913
       78546          61925
       78546          61950
       78547          61963
       78548          61975
       78549          62000
       78549          62003
       78550          62005
       78550          62010
       78551          62020
       78551          62030
       78553          62050
       78554          62063
       78555          62075
       78557          62100
       78558          62113
       78559          62125
       78561          62150
       78562          62163
       78563          62175
       78566          62200
       78567          62213
       78569          62225
       78572          62250
       78573          62263
       78575          62275
       78578          62300
       78579          62313
       78581          62325
       78584          62350
       78586          62363
       78587          62375
       78590          62400
       78592          62413
       78593          62425
       78594          62429
       78598          62446
       78599          62451
       78606          62477
       78615          62509
       78623          62541
       78631          62572
       78638          62597
       78643          62617
       78650          62645
       78655          62670
       78658          62682
       78664          62712
       78669          62741
       78670          62748
       78672          62778
       78673          62808
       78673          62818
       78674          62845
       78673          62879
       78673          62882
       78671          62910
       78670          62942
       78667          62974
       78665          63003
       78664          63012
       78661          63042
       78658          63070
       78654          63101
       78653          63110
       78648          63140
       78643          63172
       78638          63203
       78634          63229
       78631          63247
       78625          63276
       78619          63302
       78616          63313
       78609          63342
       78600          63371
       78596          63382
       78586          63410
       78575          63438
       78568          63455
       78557          63480
       78543          63511
       78540          63518
       78529          63543
       78517          63570
       78504          63599
       78488          63628
       78484          63634
       78468          63658
       78449          63684
       78430          63709
       78411          63733
       78395          63755
       78387          63766
       78368          63793
       78353          63816
       78338          63839
       78323          63862
       78309          63887
       78294          63914
       78287          63930
       78284          63936
       78280          63950
       78278          63963
       78276          63975
       78272          64000
       78270          64013
       78269          64025
       78266          64050
       78266          64063
       78265          64075
       78264          64100
       78264          64113
       78265          64125
       78265          64150
       78266          64163
       78266          64175
       78268          64200
       78269          64210
       78279          64237
       78286          64256
       78295          64281
       78308          64314
       78310          64318
       78320          64344
       78333          64374
       78346          64405
       78358          64434
       78368          64458
       78378          64481
       78390          64507
       78399          64531
       78402          64543
       78405          64572
       78408          64603
       78411          64629
       78415          64661
       78418          64689
       78421          64713
       78424          64742
       78427          64768
       78429          64800
       78432          64830
       78433          64839
       78435          64867
       78437          64898
       78437          64906
       78439          64935
       78440          64966
       78441          64997
       78441          65002
       78442          65033
       78443          65064
       78443          65092
       78443          65104
       78441          65134
       78438          65163
       78437          65174
       78434          65203
       78429          65234
       78428          65240
       78422          65269
       78420          65279
       78424          65300
       78425          65313
       78427          65325
       78430          65350
       78431          65363
       78432          65375
       78434          65400
       78434          65413
       78435          65425
       78437          65450
       78437          65463
       78438          65475
       78439          65500
       78439          65513
       78440          65525
       78441          65550
       78441          65563
       78441          65575
       78442          65600
       78443          65613
       78443          65625
       78444          65650
       78444          65663
       78444          65675
       78444          65700
       78443          65713
       78443          65725
       78442          65750
       78441          65763
       78440          65775
       78439          65800
       78437          65813
       78436          65825
       78433          65850
       78432          65863
       78430          65875
       78426          65900
       78424          65913
       78422          65925
       78418          65950
       78416          65963
       78413          65975
       78408          66000
       78406          66009
       78404          66018
       78400          66036
       78399          66040
       78398          66043
       78396          66050
       78392          66063
       78388          66075
       78379          66100
       78374          66113
       78369          66125
       78359          66150
       78356          66155
       78354          66160
       78350          66170
       78347          66177
       78343          66185
       78336          66200
       78330          66213
       78325          66225
       78313          66250
       78310          66257
       78306          66264
       78300          66277
       78297          66283
       78295          66289
       78289          66300
       78284          66313
       78278          66325
       78266          66350
       78262          66360
       78258          66369
       78250          66388
       78249          66391
       78248          66394
       78245          66400
       78240          66413
       78235          66425
       78226          66450
       78221          66463
       78217          66475
       78209          66500
       78207          66508
       78204          66516
       78200          66532
       78199          66537
       78198          66541
       78196          66550
       78193          66563
       78191          66575
       78187          66600
       78185          66613
       78184          66625
       78182          66650
       78181          66663
       78181          66675
       78180          66700
       78180          66713
       78180          66725
       78180          66750
       78181          66763
       78182          66775
       78183          66800
       78184          66813
       78185          66825
       78187          66850
       78189          66863
       78190          66875
       78193          66900
       78195          66913
       78196          66925
       78200          66950
       78200          66950
       78200          66951
       78200          66952
       78202          66964
       78204          66976
       78209          67000
       78211          67013
       78214          67025
       78219          67050
       78221          67063
       78224          67075
       78229          67100
       78232          67113
       78234          67125
       78240          67150
       78242          67161
       78245          67173
       78250          67196
       78250          67197
       78251          67198
       78251          67200
       78255          67213
       78258          67225
       78265          67250
       78269          67263
       78272          67275
       78279          67300
       78282          67313
       78285          67325
       78292          67350
       78294          67357
       78296          67364
       78300          67378
       78302          67384
       78304          67389
       78307          67400
       78312          67413
       78317          67425
       78326          67450
       78331          67463
       78336          67475
       78345          67500
       78346          67503
       78348          67506
       78350          67512
       78354          67521
       78358          67531
       78366          67550
       78372          67563
       78377          67575
       78387          67600
       78391          67607
       78394          67615
       78400          67629
       78402          67634
       78405          67640
       78409          67650
       78415          67663
       78421          67675
       78432          67700
       78437          67710
       78441          67720
       78446          67732
1595;   4;  0;  -2810.00
       78819          67671
       78849          67666
       78878          67661
       78908          67656
       78937          67651
       78967          67646
       78997          67642
       79026          67637
       79056          67632
       79085          67627
       79115          67622
       79137          67619
       79128          67600
       79122          67588
       79116          67575
       79105          67550
       79104          67547
       79102          67544
       79100          67538
       79096          67528
       79092          67519
       79084          67500
       79079          67488
       79074          67475
       79065          67450
       79061          67440
       79057          67430
       79050          67410
       79049          67407
       79048          67405
       79046          67400
       79041          67388
       79035          67375
       79024          67350
       79018          67338
       79012          67326
       79000          67302
       79000          67302
       78999          67301
       78999          67300
       78991          67288
       78984          67275
       78970          67250
       78965          67242
       78960          67233
       78950          67216
       78948          67212
       78946          67208
       78942          67200
       78935          67188
       78929          67175
       78917          67150
       78912          67141
       78908          67132
       78900          67115
       78898          67111
       78897          67107
       78893          67100
       78886          67088
       78880          67075
       78867          67050
       78863          67042
       78858          67033
       78850          67016
       78848          67012
       78846          67008
       78842          67000
       78835          66988
       78829          66975
       78816          66950
       78812          66942
       78808          66934
       78800          66919
       78797          66914
       78795          66909
       78790          66900
       78783          66888
       78777          66875
       78764          66850
       78761          66842
       78757          66835
       78750          66820
       78748          66815
       78745          66810
       78740          66800
       78735          66788
       78730          66775
       78719          66750
       78715          66738
       78711          66725
       78702          66700
       78702          66698
       78701          66695
       78700          66690
       78697          66680
       78695          66670
       78690          66650
       78688          66638
       78687          66625
       78683          66600
       78683          66588
       78683          66575
       78682          66550
       78683          66538
       78685          66525
       78687          66500
       78689          66488
       78691          66475
       78696          66450
       78697          66446
       78698          66442
       78700          66434
       78702          66426
       78704          66417
       78708          66400
       78712          66388
       78715          66375
       78721          66350
       78723          66338
       78725          66325
       78729          66300
       78730          66288
       78732          66275
       78734          66250
       78734          66238
       78734          66225
       78734          66200
       78733          66188
       78732          66175
       78730          66150
       78727          66138
       78725          66125
       78721          66100
       78717          66088
       78713          66075
       78707          66050
       78705          66043
       78703          66036
       78700          66022
       78699          66017
       78698          66011
       78696          66000
       78694          65988
       78693          65975
       78690          65950
       78690          65938
       78691          65925
       78692          65900
       78694          65890
       78696          65879
       78700          65858
       78700          65856
       78701          65854
       78702          65850
       78705          65838
       78709          65825
       78715          65800
       78718          65788
       78720          65775
       78725          65750
       78725          65738
       78725          65725
       78725          65700
       78723          65688
       78721          65675
       78717          65650
       78713          65638
       78710          65625
       78703          65600
       78702          65598
       78701          65595
       78700          65590
       78697          65580
       78695          65570
       78690          65550
       78688          65538
       78686          65525
       78682          65500
       78681          65488
       78681          65475
       78680          65450
       78680          65438
       78680          65425
       78680          65400
       78681          65388
       78681          65375
       78681          65350
       78681          65338
       78681          65325
       78680          65300
       78679          65288
       78678          65275
       78675          65250
       78673          65238
       78671          65225
       78667          65200
       78664          65188
       78662          65175
       78656          65150
       78655          65144
       78653          65138
       78650          65125
       78648          65119
       78647          65113
       78644          65100
       78640          65088
       78637          65075
       78630          65050
       78627          65038
       78624          65025
       78618          65000
       78615          64988
       78612          64975
       78606          64950
       78605          64942
       78603          64934
       78600          64918
       78599          64913
       78598          64909
       78597          64900
       78594          64888
       78592          64875
       78588          64850
       78586          64838
       78585          64825
       78581          64800
       78579          64788
       78577          64775
       78573          64750
       78571          64738
       78569          64725
       78565          64700
       78563          64688
       78561          64675
       78557          64650
       78555          64638
       78553          64625
       78550          64600
       78550          64599
       78550          64598
       78550          64596
       78549          64584
       78548          64573
       78546          64550
       78545          64538
       78544          64525
       78541          64500
       78540          64488
       78539          64475
       78537          64450
       78535          64438
       78534          64425
       78530          64400
       78528          64388
       78525          64375
       78520          64350
       78516          64338
       78512          64325
       78505          64300
       78504          64296
       78503          64293
       78500          64285
       78497          64277
       78495          64268
       78489          64250
       78486          64238
       78482          64225
       78476          64200
       78473          64188
       78470          64175
       78465          64150
       78464          64138
       78462          64125
       78459          64100
       78460          64088
       78460          64075
       78460          64050
       78463          64038
       78465          64025
       78470          64000
       78475          63988
       78480          63975
       78489          63950
       78492          63945
       78495          63940
       78500          63929
       78505          63922
       78509          63915
       78519          63900
       78527          63890
       78534          63881
       78550          63861
       78553          63858
       78556          63855
       78562          63850
       78571          63841
       78581          63831
       78600          63812
       78604          63809
       78608          63806
       78615          63800
       78624          63791
       78633          63782
       78650          63764
       78653          63761
       78657          63757
       78664          63750
       78672          63738
       78681          63725
       78696          63700
       78697          63698
       78698          63696
       78700          63691
       78705          63681
       78709          63671
       78717          63650
       78720          63638
       78724          63625
       78730          63600
       78733          63588
       78735          63575
       78740          63550
       78743          63539
       78745          63528
       78750          63506
       78750          63504
       78751          63503
       78751          63500
       78754          63488
       78757          63475
       78762          63450
       78765          63438
       78768          63425
       78773          63400
       78776          63388
       78778          63375
       78783          63350
       78785          63338
       78788          63325
       78792          63300
       78794          63288
       78796          63276
       78800          63252
       78800          63252
       78800          63251
       78800          63250
       78802          63238
       78804          63225
       78808          63200
       78809          63188
       78811          63175
       78814          63150
       78815          63138
       78816          63125
       78818          63100
       78819          63088
       78820          63075
       78822          63050
       78823          63038
       78823          63025
       78825          63000
       78826          62988
       78826          62975
       78828          62950
       78828          62938
       78827          62925
       78827          62900
       78823          62888
       78820          62875
       78814          62850
       78811          62838
       78809          62825
       78805          62800
       78806          62788
       78807          62775
       78808          62750
       78812          62738
       78815          62725
       78822          62700
       78826          62688
       78830          62675
       78840          62650
       78842          62641
       78845          62632
       78850          62615
       78851          62611
       78853          62607
       78855          62600
       78858          62588
       78860          62575
       78866          62550
       78867          62538
       78867          62525
       78869          62500
       78869          62488
       78868          62475
       78867          62450
       78865          62438
       78863          62425
       78859          62400
       78857          62389
       78855          62379
       78850          62357
       78850          62355
       78849          62354
       78849          62350
       78847          62338
       78845          62325
       78841          62300
       78841          62288
       78841          62275
       78840          62250
       78842          62238
       78843          62225
       78847          62200
       78848          62198
       78849          62196
       78850          62191
       78854          62181
       78859          62171
       78867          62150
       78874          62138
       78881          62125
       78896          62100
       78897          62098
       78898          62097
       78900          62093
       78908          62082
       78915          62072
       78930          62050
       78935          62043
       78940          62035
       78950          62021
       78954          62015
       78957          62010
       78964          62000
       78972          61988
       78980          61975
       78995          61950
       78996          61948
       78998          61945
       79000          61941
       79006          61931
       79011          61920
       79021          61900
       79026          61888
       79032          61875
       79042          61850
       79044          61843
       79046          61837
       79050          61824
       79052          61818
       79054          61812
       79057          61800
       79060          61788
       79063          61775
       79069          61750
       79071          61738
       79074          61725
       79078          61700
       79080          61688
       79083          61675
       79087          61650
       79090          61638
       79092          61625
       79097          61600
       79098          61598
       79099          61595
       79100          61591
       79103          61581
       79106          61570
       79111          61550
       79115          61538
       79120          61525
       79129          61500
       79134          61490
       79139          61480
       79150          61460
       79151          61457
       79153          61455
       79155          61450
       79164          61438
       79173          61425
       79194          61400
       79196          61399
       79197          61397
       79200          61394
       79213          61383
       79225          61372
       79250          61353
       79251          61352
       79252          61352
       79255          61350
       79266          61343
       79277          61336
       79300          61323
       79311          61317
       79323          61312
       79345          61300
       79347          61299
       79348          61299
       79350          61298
       79363          61292
       79375          61286
       79400          61274
       79411          61268
       79422          61262
       79445          61250
       79446          61249
       79447          61249
       79450          61247
       79463          61240
       79475          61232
       79500          61216
       79505          61212
       79511          61208
       79521          61200
       79528          61194
       79536          61188
       79550          61175
       79557          61169
       79563          61163
       79577          61150
       79583          61143
       79589          61137
       79600          61123
       79605          61117
       79610          61112
       79619          61100
       79627          61088
       79635          61076
       79650          61052
       79650          61051
       79651          61051
       79651          61050
       79657          61038
       79663          61025
       79675          61000
       79679          60988
       79683          60975
       79691          60950
       79693          60939
       79695          60929
       79700          60907
       79700          60905
       79701          60904
       79702          60900
       79704          60888
       79706          60875
       79711          60850
       79712          60838
       79714          60825
       79718          60800
       79720          60788
       79722          60775
       79726          60750
       79728          60738
       79730          60725
       79734          60700
       79736          60688
       79738          60675
       79742          60650
       79744          60638
       79746          60625
       79750          60600
       79750          60600
       79750          60600
       79750          60600
       79752          60587
       79754          60575
       79758          60550
       79760          60538
       79762          60525
       79766          60500
       79767          60488
       79769          60475
       79773          60450
       79774          60438
       79776          60425
       79779          60400
       79780          60388
       79782          60375
       79785          60350
       79788          60338
       79790          60325
       79795          60300
       79796          60295
       79797          60291
       79800          60282
       79802          60274
       79805          60266
       79809          60250
       79814          60238
       79820          60225
       79830          60200
       79835          60191
       79840          60183
       79850          60165
       79852          60161
       79855          60158
       79859          60150
       79868          60138
       79877          60125
       79895          60100
       79896          60098
       79897          60097
       79900          60093
       79909          60082
       79918          60072
       79936          60050
       79939          60046
       79943          60041
       79950          60033
       79957          60025
       79964          60016
       79979          60000
       79984          59994
       79989          59988
       80000          59975
       80006          59969
       80011          59963
       80022          59950
       80029          59942
       80036          59933
       80050          59917
       80054          59912
       80057          59908
       80064          59900
       80073          59889
       80082          59878
       80100          59856
       80101          59855
       80102          59853
       80105          59850
       80115          59838
       80125          59825
       80145          59800
       80146          59798
       80147          59796
       80150          59793
       80158          59782
       80166          59771
       80182          59750
       80187          59744
       80191          59738
       80200          59726
       80205          59720
       80209          59713
       80218          59700
       80226          59689
       80234          59677
       80250          59655
       80251          59654
       80252          59652
       80253          59650
       80261          59638
       80270          59625
       80287          59600
       80290          59595
       80293          59590
       80300          59580
       80304          59573
       80309          59565
       80318          59550
       80324          59538
       80331          59525
       80344          59500
       80346          59497
       80347          59493
       80350          59486
       80353          59477
       80356          59468
       80363          59450
       80366          59438
       80369          59425
       80375          59400
       80376          59388
       80378          59375
       80382          59350
       80383          59338
       80384          59325
       80387          59300
       80388          59288
       80389          59275
       80392          59250
       80393          59238
       80395          59225
       80398          59200
       80398          59197
       80399          59194
       80400          59188
       80401          59178
       80403          59169
       80406          59150
       80409          59138
       80411          59125
       80417          59100
       80420          59088
       80424          59075
       80432          59050
       80436          59038
       80441          59025
       80450          59001
       80450          59000
       80450          59000
       80450          59000
       80456          58988
       80461          58975
       80472          58950
       80478          58938
       80484          58925
       80497          58900
       80497          58898
       80498          58897
       80500          58894
       80506          58883
       80511          58872
       80523          58850
       80530          58838
       80536          58826
       80550          58803
       80550          58802
       80551          58801
       80552          58800
       80559          58788
       80566          58775
       80581          58750
       80586          58742
       80590          58734
       80600          58718
       80603          58714
       80605          58709
       80611          58700
       80618          58688
       80625          58675
       80639          58650
       80642          58645
       80645          58641
       80650          58631
       80654          58623
       80658          58616
       80667          58600
       80673          58588
       80680          58575
       80693          58550
       80695          58546
       80696          58543
       80700          58536
       80704          58527
       80709          58518
       80717          58500
       80723          58488
       80729          58475
       80741          58450
       80743          58445
       80746          58441
       80750          58432
       80754          58424
       80757          58416
       80765          58400
       80770          58388
       80776          58375
       80788          58350
       80791          58344
       80794          58337
       80800          58324
       80803          58318
       80806          58312
       80811          58300
       80817          58288
       80823          58275
       80834          58250
       80838          58242
       80842          58233
       80850          58217
       80852          58213
       80854          58208
       80858          58200
       80864          58188
       80870          58175
       80882          58150
       80886          58141
       80891          58131
       80900          58113
       80902          58110
       80903          58106
       80906          58100
       80912          58088
       80919          58075
       80931          58050
       80936          58041
       80941          58032
       80950          58013
       80952          58010
       80953          58007
       80957          58000
       80963          57988
       80970          57975
       80976          57963
       80959          57956
       80931          57944
       80904          57932
       80876          57920
       80849          57909
       80821          57897
       80794          57885
       80779          57879
       80771          57900
       80765          57912
       80760          57925
       80750          57950
       80750          57950
       80750          57950
       80750          57950
       80744          57963
       80739          57975
       80728          58000
       80723          58013
       80717          58025
       80707          58050
       80705          58054
       80703          58057
       80700          58065
       80696          58074
       80692          58082
       80684          58100
       80678          58113
       80672          58125
       80661          58150
       80658          58156
       80655          58162
       80650          58173
       80647          58180
       80644          58187
       80637          58200
       80631          58213
       80625          58225
       80613          58250
       80610          58257
       80607          58263
       80600          58277
       80597          58283
       80594          58288
       80588          58300
       80582          58313
       80576          58325
       80564          58350
       80560          58357
       80557          58364
       80550          58377
       80547          58383
       80544          58389
       80538          58400
       80532          58413
       80525          58425
       80512          58450
       80509          58456
       80506          58461
       80500          58472
       80496          58479
       80492          58486
       80484          58500
       80477          58513
       80469          58525
       80454          58550
       80453          58552
       80452          58553
       80450          58556
       80443          58567
       80435          58578
       80421          58600
       80416          58608
       80410          58615
       80400          58630
       80396          58635
       80393          58640
       80386          58650
       80377          58663
       80368          58675
       80351          58700
       80350          58700
       80350          58700
       80350          58701
       80341          58713
       80333          58725
       80316          58750
       80312          58756
       80308          58762
       80300          58775
       80296          58781
       80291          58787
       80283          58800
       80275          58813
       80268          58825
       80252          58850
       80252          58851
       80251          58852
       80250          58854
       80243          58866
       80237          58877
       80224          58900
       80218          58912
       80212          58923
       80200          58946
       80199          58947
       80199          58948
       80198          58950
       80192          58963
       80186          58975
       80175          59000
       80170          59013
       80166          59025
       80156          59050
       80155          59055
       80153          59061
       80150          59072
       80148          59079
       80146          59086
       80141          59100
       80138          59113
       80135          59125
       80129          59150
       80127          59163
       80124          59175
       80119          59200
       80117          59213
       80115          59225
       80111          59250
       80109          59263
       80107          59275
       80102          59300
       80102          59303
       80101          59306
       80100          59311
       80098          59321
       80096          59331
       80092          59350
       80088          59363
       80084          59375
       80077          59400
       80072          59413
       80067          59425
       80058          59450
       80056          59454
       80054          59458
       80050          59465
       80046          59474
       80041          59483
       80033          59500
       80025          59513
       80018          59525
       80004          59550
       80003          59551
       80002          59553
       80000          59556
       79993          59567
       79986          59578
       79973          59600
       79967          59609
       79961          59617
       79950          59635
       79948          59639
       79945          59642
       79941          59650
       79932          59663
       79924          59675
       79908          59700
       79906          59703
       79904          59706
       79900          59711
       79893          59721
       79887          59731
       79874          59750
       79868          59759
       79862          59767
       79850          59784
       79847          59788
       79845          59792
       79839          59800
       79830          59813
       79822          59825
       79804          59850
       79803          59851
       79802          59853
       79800          59855
       79792          59867
       79784          59878
       79768          59900
       79764          59906
       79759          59913
       79750          59925
       79746          59931
       79741          59938
       79733          59950
       79724          59962
       79716          59974
       79700          59997
       79700          59998
       79699          59999
       79698          60000
       79690          60013
       79682          60025
       79666          60050
       79662          60057
       79658          60063
       79650          60076
       79646          60082
       79643          60088
       79636          60100
       79629          60113
       79622          60125
       79609          60150
       79607          60155
       79604          60159
       79600          60169
       79596          60176
       79592          60184
       79585          60200
       79580          60213
       79575          60225
       79564          60250
       79561          60260
       79557          60270
       79550          60290
       79549          60293
       79548          60295
       79546          60300
       79542          60313
       79539          60325
       79531          60350
       79527          60363
       79524          60375
       79517          60400
       79514          60413
       79511          60425
       79505          60450
       79504          60456
       79502          60463
       79500          60476
       79499          60482
       79498          60488
       79495          60500
       79494          60513
       79492          60525
       79489          60550
       79488          60563
       79487          60575
       79486          60600
       79487          60613
       79487          60625
       79488          60650
       79490          60663
       79491          60675
       79494          60700
       79496          60710
       79497          60720
       79500          60741
       79500          60743
       79501          60745
       79501          60750
       79503          60763
       79504          60775
       79507          60800
       79509          60813
       79510          60825
       79512          60850
       79512          60863
       79513          60875
       79513          60900
       79512          60913
       79511          60925
       79509          60950
       79507          60959
       79504          60968
       79500          60986
       79499          60990
       79498          60993
       79496          61000
       79490          61013
       79484          61025
       79471          61050
       79466          61057
       79461          61063
       79450          61076
       79444          61082
       79439          61088
       79427          61100
       79420          61105
       79413          61111
       79400          61121
       79388          61128
       79375          61135
       79350          61150
       79350          61150
       79349          61150
       79349          61150
       79337          61154
       79324          61159
       79300          61168
       79288          61172
       79275          61175
       79250          61183
       79238          61187
       79225          61191
       79200          61199
       79199          61199
       79198          61199
       79196          61200
       79185          61204
       79173          61208
       79150          61217
       79138          61222
       79125          61228
       79100          61242
       79097          61244
       79094          61246
       79088          61250
       79079          61257
       79069          61264
       79050          61280
       79045          61284
       79040          61289
       79029          61300
       79021          61309
       79014          61318
       79000          61336
       78997          61340
       78995          61343
       78990          61350
       78982          61363
       78975          61375
       78961          61400
       78958          61406
       78955          61412
       78950          61425
       78947          61431
       78944          61437
       78939          61450
       78934          61463
       78929          61475
       78921          61500
       78917          61513
       78913          61525
       78907          61550
       78905          61557
       78903          61565
       78900          61580
       78899          61585
       78898          61590
       78895          61600
       78893          61613
       78890          61625
       78886          61650
       78884          61663
       78882          61675
       78878          61700
       78875          61713
       78873          61725
       78867          61750
       78864          61763
       78860          61775
       78852          61800
       78852          61801
       78851          61803
       78850          61805
       78844          61817
       78839          61828
       78828          61850
       78821          61863
       78814          61875
       78801          61900
       78800          61900
       78800          61900
       78800          61901
       78792          61913
       78785          61925
       78772          61950
       78766          61961
       78760          61972
       78750          61994
       78749          61995
       78749          61997
       78747          62000
       78742          62013
       78737          62025
       78728          62050
       78724          62063
       78720          62075
       78713          62100
       78711          62113
       78708          62125
       78704          62150
       78703          62162
       78702          62175
       78700          62199
       78700          62199
       78700          62200
       78700          62200
       78700          62202
       78700          62203
       78700          62206
       78700          62217
       78700          62228
       78700          62250
       78701          62263
       78702          62275
       78704          62300
       78706          62313
       78708          62325
       78711          62350
       78713          62363
       78715          62375
       78719          62400
       78721          62413
       78723          62425
       78727          62450
       78728          62463
       78730          62475
       78733          62500
       78734          62513
       78735          62525
       78736          62550
       78736          62563
       78736          62575
       78736          62600
       78735          62613
       78734          62625
       78731          62650
       78730          62663
       78728          62675
       78726          62700
       78724          62713
       78723          62725
       78720          62750
       78720          62763
       78719          62775
       78718          62800
       78718          62813
       78718          62825
       78719          62850
       78719          62863
       78720          62875
       78720          62900
       78721          62913
       78721          62925
       78721          62950
       78721          62963
       78720          62975
       78720          63000
       78719          63013
       78718          63025
       78716          63050
       78715          63063
       78713          63075
       78710          63100
       78708          63113
       78706          63125
       78702          63150
       78702          63153
       78701          63156
       78700          63162
       78698          63171
       78696          63181
       78692          63200
       78690          63213
       78687          63225
       78681          63250
       78678          63263
       78674          63275
       78668          63300
       78665          63313
       78661          63325
       78654          63350
       78653          63354
       78652          63357
       78650          63365
       78647          63374
       78645          63382
       78639          63400
       78636          63413
       78632          63425
       78625          63450
       78621          63463
       78618          63475
       78611          63500
       78608          63509
       78605          63519
       78600          63537
       78599          63540
       78598          63544
       78596          63550
       78591          63563
       78586          63575
       78576          63600
       78570          63613
       78564          63625
       78553          63650
       78552          63651
       78551          63652
       78550          63655
       78543          63666
       78537          63677
       78524          63700
       78518          63709
       78512          63719
       78500          63737
       78498          63740
       78496          63744
       78492          63750
       78484          63763
       78476          63775
       78461          63800
       78458          63804
       78455          63809
       78450          63818
       78446          63826
       78441          63834
       78433          63850
       78427          63863
       78422          63875
       78412          63900
       78408          63909
       78406          63917
       78400          63934
       78399          63938
       78397          63942
       78395          63950
       78392          63963
       78388          63975
       78382          64000
       78381          64013
       78379          64025
       78375          64050
       78375          64063
       78374          64075
       78373          64100
       78374          64113
       78374          64125
       78375          64150
       78376          64163
       78378          64175
       78380          64200
       78382          64213
       78384          64225
       78388          64250
       78390          64263
       78392          64275
       78397          64300
       78398          64304
       78399          64308
       78400          64315
       78402          64324
       78403          64333
       78406          64350
       78409          64363
       78411          64375
       78415          64400
       78417          64413
       78419          64425
       78422          64450
       78424          64463
       78425          64475
       78428          64500
       78430          64513
       78431          64525
       78434          64550
       78436          64563
       78437          64575
       78440          64600
       78441          64613
       78442          64625
       78445          64650
       78446          64661
       78447          64671
       78450          64693
       78450          64694
       78450          64696
       78451          64700
       78453          64713
       78454          64725
       78458          64750
       78459          64763
       78461          64775
       78465          64800
       78467          64813
       78469          64825
       78473          64850
       78475          64863
       78477          64875
       78482          64900
       78484          64913
       78487          64925
       78491          64950
       78494          64960
       78496          64970
       78500          64989
       78501          64992
       78501          64995
       78502          65000
       78505          65013
       78508          65025
       78513          65050
       78516          65063
       78519          65075
       78525          65100
       78528          65113
       78531          65125
       78536          65150
       78539          65163
       78541          65175
       78547          65200
       78547          65205
       78548          65210
       78550          65220
       78551          65227
       78552          65235
       78555          65250
       78557          65263
       78558          65275
       78561          65300
       78562          65313
       78564          65325
       78566          65350
       78566          65363
       78567          65375
       78568          65400
       78568          65413
       78569          65425
       78570          65450
       78570          65463
       78571          65475
       78572          65500
       78573          65513
       78574          65525
       78577          65550
       78578          65563
       78580          65575
       78583          65600
       78584          65613
       78586          65625
       78589          65650
       78590          65663
       78591          65675
       78593          65700
       78592          65713
       78592          65725
       78591          65750
       78590          65763
       78588          65775
       78585          65800
       78583          65813
       78581          65825
       78578          65850
       78576          65863
       78574          65875
       78571          65900
       78570          65913
       78569          65925
       78567          65950
       78566          65963
       78566          65975
       78565          66000
       78565          66013
       78565          66025
       78565          66050
       78564          66063
       78563          66075
       78561          66100
       78559          66113
       78558          66125
       78554          66150
       78553          66154
       78552          66159
       78550          66168
       78548          66176
       78546          66184
       78542          66200
       78539          66213
       78535          66225
       78527          66250
       78523          66263
       78519          66275
       78510          66300
       78507          66306
       78505          66313
       78500          66325
       78498          66331
       78495          66338
       78490          66350
       78485          66363
       78480          66375
       78471          66400
       78466          66413
       78461          66425
       78452          66450
       78452          66452
       78451          66453
       78450          66457
       78447          66467
       78443          66478
       78436          66500
       78433          66513
       78430          66525
       78423          66550
       78421          66563
       78419          66575
       78415          66600
       78414          66613
       78413          66625
       78411          66650
       78411          66663
       78411          66675
       78412          66700
       78414          66713
       78416          66725
       78420          66750
       78423          66763
       78426          66775
       78433          66800
       78437          66812
       78441          66824
       78450          66847
       78450          66848
       78451          66849
       78451          66850
       78456          66863
       78462          66875
       78473          66900
       78479          66913
       78485          66925
       78497          66950
       78498          66951
       78499          66953
       78500          66956
       78506          66967
       78512          66978
       78523          67000
       78530          67012
       78537          67024
       78550          67048
       78550          67049
       78551          67049
       78551          67050
       78558          67063
       78564          67075
       78578          67100
       78584          67111
       78589          67122
       78600          67143
       78601          67145
       78602          67147
       78603          67150
       78609          67163
       78614          67175
       78625          67200
       78630          67213
       78635          67225
       78645          67250
       78646          67254
       78648          67257
       78650          67265
       78653          67274
       78655          67282
       78660          67300
       78663          67313
       78666          67325
       78673          67350
       78676          67363
       78680          67375
       78687          67400
       78690          67410
       78694          67419
       78700          67439
       78701          67442
       78702          67444
       78704          67450
       78708          67463
       78712          67475
       78722          67500
       78726          67513
       78731          67525
       78741          67550
       78743          67555
       78746          67560
       78750          67570
       78753          67578
       78757          67585
       78763          67600
       78769          67613
       78775          67625
       78788          67650
       78791          67656
       78794          67662
       78800          67673
       78800          67674
1631;   5;  0;  -2805.00
       79145          67617
       79174          67613
       79204          67608
       79233          67603
       79263          67598
       79279          67600
       79309          67602
       79338          67605
       79368          67608
       79398          67611
       79428          67614
       79458          67617
       79463          67617
       79451          67600
       79451          67600
       79451          67599
       79450          67598
       79442          67586
       79435          67574
       79420          67550
       79415          67541
       79410          67533
       79400          67516
       79398          67512
       79396          67508
       79391          67500
       79384          67488
       79378          67475
       79365          67450
       79361          67443
       79357          67436
       79350          67421
       79348          67416
       79345          67411
       79340          67400
       79334          67388
       79328          67375
       79317          67350
       79313          67341
       79308          67332
       79300          67315
       79298          67311
       79297          67307
       79293          67300
       79287          67288
       79280          67275
       79267          67250
       79263          67243
       79258          67236
       79250          67223
       79246          67217
       79243          67211
       79236          67200
       79227          67188
       79218          67176
       79200          67151
       79200          67151
       79199          67151
       79199          67150
       79187          67138
       79176          67125
       79154          67100
       79153          67099
       79152          67098
       79150          67096
       79138          67085
       79127          67073
       79105          67050
       79104          67049
       79103          67047
       79100          67044
       79090          67033
       79080          67022
       79062          67000
       79059          66996
       79056          66992
       79050          66984
       79044          66975
       79038          66967
       79028          66950
       79020          66938
       79013          66925
       79000          66900
       79000          66900
       79000          66900
       79000          66899
       78994          66887
       78987          66875
       78976          66850
       78970          66838
       78965          66825
       78955          66800
       78954          66796
       78953          66791
       78950          66782
       78947          66774
       78945          66766
       78939          66750
       78937          66738
       78934          66725
       78928          66700
       78927          66688
       78926          66675
       78923          66650
       78923          66638
       78923          66625
       78923          66600
       78924          66588
       78925          66575
       78928          66550
       78929          66538
       78931          66525
       78935          66500
       78936          66488
       78937          66475
       78938          66450
       78939          66438
       78939          66425
       78940          66400
       78941          66388
       78941          66375
       78943          66350
       78944          66338
       78945          66325
       78948          66300
       78949          66298
       78949          66296
       78950          66292
       78952          66281
       78954          66271
       78958          66250
       78962          66238
       78966          66225
       78975          66200
       78979          66188
       78984          66175
       78997          66150
       78998          66147
       78998          66144
       79000          66138
       79003          66128
       79005          66119
       79012          66100
       79009          66092
       79006          66085
       79000          66070
       78998          66065
       78996          66060
       78991          66050
       78981          66039
       78970          66028
       78950          66005
       78949          66004
       78948          66003
       78946          66000
       78935          65988
       78925          65975
       78905          65950
       78904          65946
       78903          65943
       78900          65936
       78897          65927
       78895          65918
       78890          65900
       78892          65888
       78893          65875
       78894          65850
       78896          65840
       78897          65829
       78900          65809
       78900          65806
       78901          65804
       78901          65800
       78902          65788
       78902          65775
       78904          65750
       78903          65744
       78902          65739
       78900          65728
       78899          65721
       78898          65714
       78896          65700
       78892          65688
       78889          65675
       78882          65650
       78877          65638
       78872          65625
       78862          65600
       78859          65593
       78856          65587
       78850          65574
       78848          65568
       78845          65562
       78840          65550
       78836          65538
       78832          65525
       78824          65500
       78823          65488
       78822          65475
       78819          65450
       78819          65438
       78819          65425
       78819          65400
       78819          65388
       78820          65375
       78820          65350
       78819          65338
       78818          65325
       78817          65300
       78815          65288
       78812          65275
       78808          65250
       78806          65242
       78804          65234
       78800          65218
       78799          65214
       78798          65209
       78796          65200
       78792          65188
       78789          65175
       78782          65150
       78778          65138
       78773          65125
       78765          65100
       78761          65090
       78757          65079
       78750          65059
       78749          65057
       78749          65054
       78747          65050
       78743          65038
       78739          65025
       78731          65000
       78727          64988
       78724          64975
       78717          64950
       78714          64938
       78711          64925
       78706          64900
       78704          64891
       78703          64883
       78700          64865
       78699          64861
       78699          64858
       78697          64850
       78696          64838
       78694          64825
       78690          64800
       78688          64788
       78686          64775
       78682          64750
       78680          64738
       78677          64725
       78672          64700
       78670          64688
       78667          64675
       78662          64650
       78660          64638
       78658          64625
       78655          64600
       78654          64588
       78653          64575
       78651          64550
       78652          64538
       78653          64525
       78654          64500
       78655          64488
       78656          64475
       78658          64450
       78659          64438
       78660          64425
       78661          64400
       78661          64388
       78660          64375
       78659          64350
       78657          64342
       78655          64334
       78650          64318
       78649          64314
       78648          64309
       78645          64300
       78639          64288
       78633          64275
       78620          64250
       78616          64242
       78611          64234
       78600          64218
       78598          64214
       78596          64209
       78591          64200
       78586          64188
       78580          64175
       78569          64150
       78565          64138
       78561          64125
       78553          64100
       78553          64088
       78553          64075
       78554          64050
       78560          64038
       78566          64025
       78578          64000
       78584          63994
       78589          63987
       78600          63974
       78609          63968
       78619          63963
       78637          63950
       78640          63948
       78644          63946
       78650          63942
       78663          63938
       78675          63933
       78700          63921
       78710          63916
       78720          63911
       78740          63900
       78743          63899
       78745          63897
       78750          63894
       78763          63885
       78775          63875
       78800          63852
       78800          63851
       78801          63851
       78802          63850
       78811          63838
       78819          63825
       78832          63800
       78837          63788
       78842          63775
       78850          63750
       78850          63750
       78850          63749
       78850          63749
       78853          63737
       78855          63724
       78861          63700
       78863          63688
       78865          63675
       78869          63650
       78871          63638
       78873          63625
       78877          63600
       78879          63588
       78881          63575
       78885          63550
       78887          63538
       78889          63525
       78894          63500
       78895          63492
       78897          63483
       78900          63467
       78901          63463
       78902          63458
       78903          63450
       78906          63438
       78908          63425
       78913          63400
       78915          63388
       78917          63375
       78922          63350
       78924          63338
       78925          63325
       78929          63300
       78930          63288
       78932          63275
       78935          63250
       78936          63238
       78937          63225
       78939          63200
       78940          63188
       78940          63175
       78942          63150
       78942          63138
       78943          63125
       78944          63100
       78945          63088
       78945          63075
       78946          63050
       78947          63038
       78948          63025
       78949          63000
       78949          62999
       78950          62998
       78950          62996
       78952          62984
       78954          62973
       78958          62950
       78963          62938
       78966          62925
       78972          62900
       78967          62891
       78962          62883
       78950          62866
       78947          62862
       78943          62858
       78936          62850
       78927          62843
       78918          62837
       78900          62823
       78895          62817
       78891          62811
       78884          62800
       78886          62788
       78888          62775
       78892          62750
       78894          62747
       78896          62743
       78900          62736
       78909          62727
       78918          62718
       78937          62700
       78940          62696
       78943          62692
       78950          62684
       78961          62676
       78973          62667
       78996          62650
       78997          62649
       78998          62648
       79000          62646
       79013          62639
       79025          62633
       79050          62619
       79063          62616
       79075          62612
       79100          62604
       79103          62603
       79106          62602
       79113          62600
       79122          62597
       79131          62593
       79150          62587
       79163          62580
       79175          62573
       79200          62560
       79203          62557
       79206          62555
       79213          62550
       79222          62540
       79232          62529
       79250          62508
       79251          62506
       79253          62504
       79256          62500
       79261          62488
       79266          62475
       79276          62450
       79277          62438
       79278          62425
       79281          62400
       79279          62388
       79277          62375
       79273          62350
       79269          62338
       79265          62325
       79256          62300
       79255          62296
       79253          62292
       79250          62284
       79246          62275
       79242          62267
       79234          62250
       79230          62238
       79225          62225
       79217          62200
       79215          62188
       79214          62175
       79211          62150
       79212          62138
       79213          62125
       79215          62100
       79218          62088
       79220          62075
       79225          62050
       79228          62038
       79231          62025
       79237          62000
       79241          61989
       79244          61978
       79250          61957
       79250          61955
       79251          61953
       79252          61950
       79256          61938
       79259          61925
       79267          61900
       79271          61888
       79274          61875
       79282          61850
       79285          61838
       79289          61825
       79296          61800
       79297          61795
       79298          61790
       79300          61780
       79302          61772
       79304          61765
       79308          61750
       79309          61738
       79311          61725
       79315          61700
       79315          61688
       79314          61675
       79313          61650
       79311          61638
       79309          61625
       79305          61600
       79305          61588
       79305          61575
       79305          61550
       79313          61538
       79321          61525
       79335          61500
       79339          61497
       79343          61494
       79350          61488
       79363          61482
       79375          61475
       79400          61459
       79404          61457
       79407          61455
       79415          61450
       79424          61446
       79432          61442
       79450          61434
       79463          61427
       79475          61419
       79500          61404
       79501          61403
       79502          61402
       79505          61400
       79516          61394
       79527          61387
       79550          61373
       79558          61368
       79567          61362
       79584          61350
       79588          61347
       79592          61345
       79600          61340
       79613          61331
       79625          61322
       79650          61304
       79651          61303
       79653          61302
       79656          61300
       79667          61292
       79678          61284
       79700          61267
       79706          61263
       79712          61259
       79723          61250
       79730          61245
       79737          61239
       79750          61228
       79759          61222
       79769          61215
       79788          61200
       79791          61197
       79794          61195
       79800          61189
       79812          61180
       79825          61170
       79850          61150
       79850          61150
       79850          61150
       79850          61150
       79863          61140
       79875          61130
       79900          61107
       79902          61105
       79905          61103
       79909          61100
       79921          61088
       79932          61075
       79950          61051
       79950          61051
       79950          61050
       79951          61050
       79958          61038
       79965          61025
       79976          61000
       79980          60988
       79984          60975
       79991          60950
       79993          60942
       79996          60933
       80000          60917
       80001          60912
       80002          60908
       80004          60900
       80007          60888
       80010          60875
       80017          60850
       80020          60838
       80024          60825
       80030          60800
       80034          60788
       80038          60775
       80045          60750
       80046          60746
       80048          60742
       80050          60733
       80052          60725
       80055          60717
       80060          60700
       80063          60688
       80066          60675
       80073          60650
       80076          60638
       80078          60625
       80084          60600
       80086          60588
       80088          60575
       80092          60550
       80094          60538
       80095          60525
       80098          60500
       80099          60495
       80099          60490
       80100          60480
       80101          60472
       80101          60465
       80103          60450
       80104          60438
       80104          60425
       80106          60400
       80107          60388
       80109          60375
       80111          60350
       80113          60338
       80116          60325
       80121          60300
       80125          60288
       80129          60275
       80138          60250
       80141          60244
       80144          60239
       80150          60228
       80154          60221
       80157          60214
       80164          60200
       80172          60188
       80181          60175
       80197          60150
       80198          60149
       80198          60148
       80200          60146
       80208          60134
       80216          60123
       80233          60100
       80237          60094
       80241          60089
       80250          60077
       80255          60071
       80260          60064
       80270          60050
       80278          60040
       80285          60030
       80300          60010
       80302          60008
       80304          60005
       80307          60000
       80316          59988
       80325          59975
       80342          59950
       80344          59947
       80346          59944
       80350          59937
       80356          59928
       80361          59919
       80372          59900
       80379          59888
       80385          59875
       80398          59850
       80399          59849
       80399          59848
       80400          59846
       80405          59835
       80410          59823
       80419          59800
       80424          59788
       80429          59775
       80438          59750
       80441          59742
       80444          59734
       80450          59719
       80452          59714
       80453          59709
       80456          59700
       80461          59688
       80465          59675
       80474          59650
       80479          59638
       80483          59625
       80493          59600
       80495          59595
       80496          59591
       80500          59582
       80503          59574
       80506          59566
       80511          59550
       80515          59538
       80520          59525
       80529          59500
       80532          59488
       80536          59475
       80544          59450
       80546          59445
       80547          59439
       80550          59428
       80552          59421
       80554          59414
       80557          59400
       80560          59388
       80563          59375
       80569          59350
       80571          59338
       80574          59325
       80579          59300
       80582          59288
       80585          59275
       80590          59250
       80593          59240
       80595          59230
       80600          59210
       80601          59208
       80601          59205
       80603          59200
       80606          59188
       80610          59175
       80617          59150
       80621          59138
       80625          59125
       80634          59100
       80638          59090
       80642          59079
       80650          59059
       80651          59057
       80652          59054
       80654          59050
       80659          59038
       80665          59025
       80676          59000
       80682          58988
       80688          58977
       80700          58953
       80700          58952
       80701          58952
       80702          58950
       80708          58938
       80715          58925
       80729          58900
       80734          58891
       80739          58881
       80750          58862
       80752          58859
       80753          58856
       80757          58850
       80764          58838
       80771          58825
       80785          58800
       80789          58793
       80793          58787
       80800          58773
       80803          58768
       80806          58762
       80813          58750
       80819          58738
       80826          58725
       80839          58700
       80841          58694
       80844          58688
       80850          58676
       80853          58670
       80856          58663
       80862          58650
       80868          58638
       80873          58625
       80884          58600
       80888          58590
       80892          58580
       80900          58560
       80901          58558
       80902          58555
       80904          58550
       80909          58538
       80914          58525
       80923          58500
       80928          58488
       80933          58475
       80942          58450
       80944          58445
       80946          58441
       80950          58431
       80953          58423
       80956          58416
       80962          58400
       80967          58388
       80972          58375
       80982          58350
       80986          58340
       80991          58329
       81000          58308
       81001          58306
       81002          58304
       81003          58300
       81009          58288
       81015          58275
       81026          58250
       81032          58238
       81038          58226
       81050          58203
       81050          58202
       81051          58201
       81051          58200
       81058          58188
       81065          58175
       81079          58150
       81084          58141
       81089          58132
       81100          58114
       81102          58111
       81104          58107
       81109          58100
       81117          58088
       81125          58075
       81141          58050
       81143          58047
       81146          58043
       81150          58037
       81156          58028
       81163          58018
       81165          58015
       81145          58014
       81115          58012
       81085          58010
       81069          58003
       81042          57991
       81014          57980
       80987          57968
       80976          57963
       80970          57975
       80957          58000
       80955          58003
       80953          58007
       80950          58013
       80945          58022
       80941          58032
       80931          58050
       80925          58063
       80919          58075
       80906          58100
       80905          58103
       80903          58106
       80900          58113
       80895          58122
       80891          58131
       80882          58150
       80876          58163
       80870          58175
       80858          58200
       80856          58204
       80854          58208
       80850          58217
       80846          58225
       80842          58233
       80834          58250
       80828          58263
       80823          58275
       80811          58300
       80808          58306
       80806          58312
       80800          58324
       80797          58331
       80794          58337
       80788          58350
       80782          58363
       80776          58375
       80765          58400
       80761          58408
       80757          58416
       80750          58432
       80748          58436
       80746          58441
       80741          58450
       80735          58463
       80729          58475
       80717          58500
       80713          58509
       80709          58518
       80700          58536
       80698          58539
       80696          58543
       80693          58550
       80686          58563
       80680          58575
       80667          58600
       80663          58608
       80658          58616
       80650          58631
       80647          58636
       80645          58641
       80639          58650
       80632          58663
       80625          58675
       80611          58700
       80608          58705
       80605          58709
       80600          58718
       80595          58726
       80590          58734
       80581          58750
       80574          58763
       80566          58775
       80552          58800
       80551          58801
       80551          58801
       80550          58803
       80543          58815
       80536          58826
       80523          58850
       80517          58861
       80511          58872
       80500          58894
       80499          58895
       80498          58897
       80497          58900
       80490          58913
       80484          58925
       80472          58950
       80466          58963
       80461          58975
       80450          59000
       80450          59000
       80450          59000
       80450          59001
       80445          59013
       80441          59025
       80432          59050
       80428          59063
       80424          59075
       80417          59100
       80414          59113
       80411          59125
       80406          59150
       80405          59159
       80403          59169
       80400          59188
       80399          59191
       80399          59194
       80398          59200
       80396          59213
       80395          59225
       80392          59250
       80391          59263
       80389          59275
       80387          59300
       80386          59313
       80384          59325
       80382          59350
       80380          59363
       80378          59375
       80375          59400
       80372          59413
       80369          59425
       80363          59450
       80360          59459
       80356          59468
       80350          59486
       80349          59490
       80347          59493
       80344          59500
       80338          59513
       80331          59525
       80318          59550
       80313          59558
       80309          59565
       80300          59580
       80297          59585
       80293          59590
       80287          59600
       80278          59613
       80270          59625
       80253          59650
       80252          59651
       80252          59652
       80250          59655
       80242          59666
       80234          59677
       80218          59700
       80214          59707
       80209          59713
       80200          59726
       80196          59732
       80191          59738
       80182          59750
       80174          59761
       80166          59771
       80150          59793
       80149          59795
       80147          59796
       80145          59800
       80135          59813
       80125          59825
       80105          59850
       80104          59852
       80102          59853
       80100          59856
       80091          59867
       80082          59878
       80064          59900
       80061          59904
       80057          59908
       80050          59917
       80043          59925
       80036          59933
       80022          59950
       80016          59956
       80011          59963
       80000          59975
       79995          59981
       79989          59988
       79979          60000
       79972          60008
       79964          60016
       79950          60033
       79946          60037
       79943          60041
       79936          60050
       79927          60061
       79918          60072
       79900          60093
       79899          60095
       79897          60097
       79895          60100
       79886          60113
       79877          60125
       79859          60150
       79857          60154
       79855          60158
       79850          60165
       79845          60174
       79840          60183
       79830          60200
       79825          60213
       79820          60225
       79809          60250
       79807          60258
       79805          60266
       79800          60282
       79799          60286
       79797          60291
       79795          60300
       79793          60313
       79790          60325
       79785          60350
       79784          60363
       79782          60375
       79779          60400
       79777          60413
       79776          60425
       79773          60450
       79771          60463
       79769          60475
       79766          60500
       79764          60513
       79762          60525
       79758          60550
       79756          60562
       79754          60575
       79750          60600
       79750          60600
       79750          60600
       79750          60600
       79748          60613
       79746          60625
       79742          60650
       79740          60663
       79738          60675
       79734          60700
       79732          60713
       79730          60725
       79726          60750
       79724          60763
       79722          60775
       79718          60800
       79716          60813
       79714          60825
       79711          60850
       79708          60863
       79706          60875
       79702          60900
       79701          60902
       79701          60904
       79700          60907
       79698          60918
       79695          60929
       79691          60950
       79687          60963
       79683          60975
       79675          61000
       79669          61013
       79663          61025
       79651          61050
       79651          61050
       79651          61051
       79650          61052
       79643          61064
       79635          61076
       79619          61100
       79615          61106
       79610          61112
       79600          61123
       79594          61130
       79589          61137
       79577          61150
       79570          61157
       79563          61163
       79550          61175
       79543          61182
       79536          61188
       79521          61200
       79516          61204
       79511          61208
       79500          61216
       79488          61224
       79475          61232
       79450          61247
       79449          61248
       79447          61249
       79445          61250
       79434          61256
       79422          61262
       79400          61274
       79388          61280
       79375          61286
       79350          61298
       79349          61298
       79348          61299
       79345          61300
       79334          61306
       79323          61312
       79300          61323
       79289          61330
       79277          61336
       79255          61350
       79253          61351
       79252          61352
       79250          61353
       79238          61363
       79225          61372
       79200          61394
       79199          61396
       79197          61397
       79194          61400
       79183          61413
       79173          61425
       79155          61450
       79154          61452
       79153          61455
       79150          61460
       79145          61470
       79139          61480
       79129          61500
       79125          61513
       79120          61525
       79111          61550
       79108          61560
       79106          61570
       79100          61591
       79099          61593
       79099          61595
       79097          61600
       79095          61613
       79092          61625
       79087          61650
       79085          61663
       79083          61675
       79078          61700
       79076          61713
       79074          61725
       79069          61750
       79066          61763
       79063          61775
       79057          61800
       79056          61806
       79054          61812
       79050          61824
       79048          61830
       79046          61837
       79042          61850
       79037          61863
       79032          61875
       79021          61900
       79016          61910
       79011          61920
       79000          61941
       78999          61943
       78998          61945
       78995          61950
       78988          61963
       78980          61975
       78964          62000
       78961          62005
       78957          62010
       78950          62021
       78945          62028
       78940          62035
       78930          62050
       78923          62061
       78915          62072
       78900          62093
       78899          62095
       78898          62097
       78896          62100
       78888          62113
       78881          62125
       78867          62150
       78863          62160
       78859          62171
       78850          62191
       78849          62194
       78849          62196
       78847          62200
       78845          62213
       78843          62225
       78840          62250
       78840          62263
       78841          62275
       78841          62300
       78843          62313
       78845          62325
       78849          62350
       78849          62352
       78849          62354
       78850          62357
       78852          62368
       78855          62379
       78859          62400
       78861          62413
       78863          62425
       78867          62450
       78867          62463
       78868          62475
       78869          62500
       78868          62513
       78867          62525
       78866          62550
       78863          62563
       78860          62575
       78855          62600
       78854          62604
       78853          62607
       78850          62615
       78847          62623
       78845          62632
       78840          62650
       78835          62663
       78830          62675
       78822          62700
       78818          62713
       78815          62725
       78808          62750
       78808          62763
       78807          62775
       78805          62800
       78807          62813
       78809          62825
       78814          62850
       78817          62863
       78820          62875
       78827          62900
       78827          62913
       78827          62925
       78828          62950
       78827          62963
       78826          62975
       78825          63000
       78824          63013
       78823          63025
       78822          63050
       78821          63063
       78820          63075
       78818          63100
       78817          63113
       78816          63125
       78814          63150
       78812          63163
       78811          63175
       78808          63200
       78806          63213
       78804          63225
       78800          63250
       78800          63251
       78800          63251
       78800          63252
       78798          63264
       78796          63276
       78792          63300
       78790          63313
       78788          63325
       78783          63350
       78781          63363
       78778          63375
       78773          63400
       78770          63413
       78768          63425
       78762          63450
       78760          63463
       78757          63475
       78751          63500
       78751          63501
       78751          63503
       78750          63506
       78748          63517
       78745          63528
       78740          63550
       78738          63563
       78735          63575
       78730          63600
       78727          63613
       78724          63625
       78717          63650
       78713          63660
       78709          63671
       78700          63691
       78699          63694
       78698          63696
       78696          63700
       78689          63713
       78681          63725
       78664          63750
       78660          63754
       78657          63757
       78650          63764
       78642          63773
       78633          63782
       78615          63800
       78611          63803
       78608          63806
       78600          63812
       78590          63822
       78581          63831
       78562          63850
       78559          63853
       78556          63855
       78550          63861
       78542          63871
       78534          63881
       78519          63900
       78514          63907
       78509          63915
       78500          63929
       78497          63935
       78495          63940
       78489          63950
       78484          63963
       78480          63975
       78470          64000
       78468          64013
       78465          64025
       78460          64050
       78460          64063
       78460          64075
       78459          64100
       78461          64113
       78462          64125
       78465          64150
       78468          64163
       78470          64175
       78476          64200
       78479          64213
       78482          64225
       78489          64250
       78492          64259
       78495          64268
       78500          64285
       78501          64289
       78503          64293
       78505          64300
       78509          64313
       78512          64325
       78520          64350
       78523          64363
       78525          64375
       78530          64400
       78532          64413
       78534          64425
       78537          64450
       78538          64463
       78539          64475
       78541          64500
       78543          64513
       78544          64525
       78546          64550
       78547          64561
       78548          64573
       78550          64596
       78550          64597
       78550          64598
       78550          64600
       78552          64613
       78553          64625
       78557          64650
       78559          64663
       78561          64675
       78565          64700
       78567          64713
       78569          64725
       78573          64750
       78575          64763
       78577          64775
       78581          64800
       78583          64813
       78585          64825
       78588          64850
       78590          64863
       78592          64875
       78597          64900
       78597          64904
       78598          64909
       78600          64918
       78602          64926
       78603          64934
       78606          64950
       78609          64963
       78612          64975
       78618          65000
       78621          65013
       78624          65025
       78630          65050
       78634          65063
       78637          65075
       78644          65100
       78645          65106
       78647          65113
       78650          65125
       78652          65131
       78653          65138
       78656          65150
       78659          65163
       78662          65175
       78667          65200
       78669          65213
       78671          65225
       78675          65250
       78676          65263
       78678          65275
       78680          65300
       78680          65313
       78681          65325
       78681          65350
       78681          65363
       78681          65375
       78680          65400
       78680          65413
       78680          65425
       78680          65450
       78680          65463
       78681          65475
       78682          65500
       78684          65513
       78686          65525
       78690          65550
       78692          65560
       78695          65570
       78700          65590
       78701          65593
       78701          65595
       78703          65600
       78706          65613
       78710          65625
       78717          65650
       78719          65663
       78721          65675
       78725          65700
       78725          65713
       78725          65725
       78725          65750
       78722          65763
       78720          65775
       78715          65800
       78712          65813
       78709          65825
       78702          65850
       78701          65852
       78701          65854
       78700          65858
       78698          65869
       78696          65879
       78692          65900
       78691          65913
       78691          65925
       78690          65950
       78691          65963
       78693          65975
       78696          66000
       78697          66006
       78698          66011
       78700          66022
       78702          66029
       78703          66036
       78707          66050
       78710          66063
       78713          66075
       78721          66100
       78723          66113
       78725          66125
       78730          66150
       78731          66163
       78732          66175
       78734          66200
       78734          66213
       78734          66225
       78734          66250
       78733          66263
       78732          66275
       78729          66300
       78727          66313
       78725          66325
       78721          66350
       78718          66363
       78715          66375
       78708          66400
       78706          66409
       78704          66417
       78700          66434
       78699          66438
       78698          66442
       78696          66450
       78694          66463
       78691          66475
       78687          66500
       78686          66513
       78685          66525
       78682          66550
       78683          66563
       78683          66575
       78683          66600
       78685          66613
       78687          66625
       78690          66650
       78693          66660
       78695          66670
       78700          66690
       78701          66693
       78701          66695
       78702          66700
       78706          66713
       78711          66725
       78719          66750
       78724          66763
       78730          66775
       78740          66800
       78743          66805
       78745          66810
       78750          66820
       78754          66827
       78757          66835
       78764          66850
       78770          66863
       78777          66875
       78790          66900
       78792          66905
       78795          66909
       78800          66919
       78804          66926
       78808          66934
       78816          66950
       78822          66963
       78829          66975
       78842          67000
       78844          67004
       78846          67008
       78850          67016
       78854          67025
       78858          67033
       78867          67050
       78873          67063
       78880          67075
       78893          67100
       78895          67104
       78897          67107
       78900          67115
       78904          67124
       78908          67132
       78917          67150
       78922          67163
       78929          67175
       78942          67200
       78944          67204
       78946          67208
       78950          67216
       78955          67225
       78960          67233
       78970          67250
       78977          67263
       78984          67275
       78999          67300
       78999          67301
       78999          67301
       79000          67302
       79006          67314
       79012          67326
       79024          67350
       79030          67363
       79035          67375
       79046          67400
       79047          67402
       79048          67405
       79050          67410
       79054          67420
       79057          67430
       79065          67450
       79070          67463
       79074          67475
       79084          67500
       79088          67509
       79092          67519
       79100          67538
       79101          67541
       79102          67544
       79105          67550
       79111          67563
       79116          67575
       79128          67600
       79133          67611
       79137          67619
48;   6;  0;  -2800.00
       80663          61222
       80675          61218
       80700          61210
       80703          61207
       80705          61205
       80710          61200
       80717          61188
       80723          61175
       80733          61150
       80730          61138
       80727          61125
       80722          61100
       80716          61092
       80711          61084
       80700          61068
       80694          61063
       80689          61059
       80677          61050
       80670          61045
       80664          61040
       80650          61030
       80638          61026
       80625          61023
       80600          61013
       80588          61014
       80575          61015
       80550          61019
       80541          61027
       80533          61034
       80521          61050
       80516          61063
       80512          61075
       80505          61100
       80507          61113
       80509          61125
       80512          61150
       80520          61162
       80529          61173
       80550          61197
       80551          61198
       80552          61198
       80553          61200
       80565          61206
       80577          61211
       80600          61221
       80613          61222
       80625          61223
       80650          61226
1697;   6;  1;  -2800.00
       79950          67650
       79950          67650
       79950          67650
       79950          67650
       79938          67639
       79925          67629
       79900          67610
       79897          67607
       79894          67605
       79888          67600
       79879          67592
       79869          67585
       79850          67569
       79844          67565
       79839          67560
       79827          67550
       79821          67544
       79814          67539
       79800          67528
       79792          67521
       79785          67514
       79769          67500
       79765          67496
       79760          67492
       79750          67483
       79741          67475
       79732          67467
       79715          67450
       79711          67447
       79707          67443
       79700          67436
       79691          67427
       79682          67418
       79664          67400
       79660          67397
       79657          67393
       79650          67387
       79641          67377
       79633          67368
       79615          67350
       79612          67346
       79608          67342
       79600          67335
       79592          67326
       79584          67317
       79569          67300
       79564          67295
       79559          67291
       79550          67281
       79543          67273
       79536          67266
       79523          67250
       79517          67244
       79511          67237
       79500          67225
       79495          67219
       79490          67212
       79479          67200
       79472          67191
       79465          67183
       79450          67165
       79447          67161
       79444          67158
       79438          67150
       79429          67138
       79419          67126
       79400          67103
       79400          67102
       79399          67101
       79398          67100
       79388          67088
       79378          67075
       79357          67050
       79356          67048
       79354          67046
       79350          67041
       79341          67031
       79332          67021
       79312          67000
       79309          66997
       79306          66994
       79300          66988
       79290          66978
       79280          66968
       79260          66950
       79257          66948
       79255          66945
       79250          66941
       79239          66930
       79228          66920
       79206          66900
       79204          66899
       79203          66897
       79200          66895
       79190          66883
       79181          66872
       79161          66850
       79158          66846
       79156          66842
       79150          66834
       79145          66826
       79140          66817
       79130          66800
       79126          66788
       79121          66775
       79111          66750
       79109          66738
       79107          66725
       79103          66700
       79104          66688
       79104          66675
       79106          66650
       79109          66638
       79112          66625
       79119          66600
       79123          66588
       79127          66575
       79135          66550
       79138          66538
       79141          66525
       79147          66500
       79146          66488
       79145          66475
       79143          66450
       79140          66438
       79137          66425
       79132          66400
       79130          66388
       79128          66375
       79124          66350
       79126          66338
       79128          66325
       79132          66300
       79136          66293
       79141          66286
       79150          66273
       79155          66267
       79159          66261
       79168          66250
       79176          66242
       79185          66233
       79200          66216
       79203          66212
       79207          66208
       79213          66200
       79221          66188
       79228          66175
       79240          66150
       79242          66138
       79244          66125
       79249          66100
       79248          66088
       79246          66075
       79244          66050
       79240          66038
       79236          66025
       79229          66000
       79224          65988
       79219          65975
       79208          65950
       79206          65946
       79204          65941
       79200          65932
       79196          65924
       79191          65916
       79183          65900
       79177          65888
       79171          65875
       79160          65850
       79157          65844
       79155          65838
       79150          65827
       79147          65820
       79144          65813
       79138          65800
       79132          65788
       79127          65775
       79117          65750
       79113          65738
       79108          65725
       79100          65700
       79100          65700
       79100          65700
       79100          65700
       79095          65688
       79091          65675
       79082          65650
       79078          65638
       79075          65625
       79067          65600
       79064          65588
       79061          65575
       79056          65550
       79054          65541
       79053          65531
       79050          65512
       79050          65509
       79049          65506
       79048          65500
       79047          65488
       79046          65475
       79044          65450
       79045          65438
       79045          65425
       79046          65400
       79047          65389
       79048          65377
       79050          65354
       79050          65353
       79050          65352
       79050          65350
       79050          65345
       79050          65341
       79050          65332
       79050          65324
       79050          65316
       79049          65300
       79045          65288
       79041          65275
       79031          65250
       79023          65240
       79016          65229
       79000          65209
       78999          65206
       78997          65204
       78995          65200
       78985          65188
       78975          65175
       78957          65150
       78955          65148
       78953          65146
       78950          65142
       78943          65132
       78936          65121
       78922          65100
       78916          65092
       78911          65084
       78900          65068
       78897          65063
       78895          65059
       78890          65050
       78883          65038
       78876          65025
       78862          65000
       78859          64994
       78856          64987
       78850          64974
       78847          64968
       78845          64962
       78840          64950
       78836          64938
       78832          64925
       78824          64900
       78821          64888
       78818          64875
       78812          64850
       78809          64838
       78807          64825
       78802          64800
       78802          64797
       78801          64794
       78800          64788
       78798          64779
       78797          64769
       78794          64750
       78791          64738
       78789          64725
       78784          64700
       78782          64688
       78780          64675
       78775          64650
       78773          64638
       78772          64625
       78768          64600
       78768          64588
       78768          64575
       78768          64550
       78771          64538
       78774          64525
       78781          64500
       78785          64489
       78790          64478
       78800          64457
       78801          64455
       78802          64453
       78804          64450
       78811          64438
       78819          64425
       78836          64400
       78839          64394
       78843          64388
       78850          64375
       78854          64369
       78858          64363
       78866          64350
       78870          64338
       78875          64325
       78885          64300
       78887          64288
       78889          64275
       78894          64250
       78895          64238
       78895          64225
       78895          64200
       78895          64188
       78895          64175
       78894          64150
       78895          64138
       78897          64126
       78900          64103
       78900          64102
       78900          64101
       78900          64100
       78904          64088
       78907          64075
       78914          64050
       78920          64038
       78925          64025
       78935          64000
       78939          63993
       78943          63985
       78950          63970
       78952          63965
       78954          63960
       78958          63950
       78963          63938
       78967          63925
       78976          63900
       78981          63888
       78985          63875
       78994          63850
       78995          63845
       78997          63840
       79000          63830
       79002          63822
       79005          63815
       79010          63800
       79013          63788
       79016          63775
       79023          63750
       79025          63738
       79028          63725
       79033          63700
       79035          63688
       79037          63675
       79042          63650
       79044          63638
       79046          63626
       79050          63602
       79050          63602
       79050          63601
       79050          63600
       79053          63588
       79056          63575
       79061          63550
       79064          63538
       79068          63525
       79074          63500
       79077          63488
       79080          63475
       79086          63450
       79089          63438
       79092          63425
       79098          63400
       79098          63397
       79099          63394
       79100          63388
       79102          63378
       79104          63369
       79108          63350
       79110          63338
       79113          63325
       79117          63300
       79119          63288
       79120          63275
       79124          63250
       79125          63238
       79127          63225
       79130          63200
       79131          63188
       79133          63175
       79136          63150
       79137          63138
       79138          63125
       79142          63100
       79143          63088
       79145          63075
       79148          63050
       79149          63047
       79149          63045
       79150          63040
       79152          63030
       79154          63020
       79158          63000
       79161          62988
       79165          62975
       79172          62950
       79178          62938
       79184          62925
       79198          62900
       79199          62899
       79199          62899
       79200          62898
       79210          62886
       79221          62874
       79245          62850
       79246          62849
       79248          62848
       79250          62846
       79263          62837
       79275          62827
       79300          62808
       79303          62806
       79305          62804
       79311          62800
       79321          62793
       79330          62787
       79350          62773
       79358          62767
       79366          62762
       79383          62750
       79387          62747
       79391          62744
       79400          62738
       79413          62730
       79425          62721
       79450          62703
       79451          62702
       79452          62702
       79454          62700
       79466          62691
       79477          62682
       79500          62664
       79504          62661
       79508          62657
       79517          62650
       79525          62641
       79534          62633
       79550          62616
       79553          62612
       79557          62608
       79563          62600
       79570          62588
       79577          62575
       79591          62550
       79593          62542
       79596          62534
       79600          62519
       79601          62514
       79602          62509
       79605          62500
       79605          62488
       79606          62475
       79607          62450
       79606          62438
       79604          62425
       79602          62400
       79601          62398
       79601          62396
       79600          62393
       79598          62382
       79595          62371
       79590          62350
       79587          62338
       79583          62325
       79575          62300
       79571          62288
       79566          62275
       79557          62250
       79555          62245
       79554          62240
       79550          62230
       79547          62223
       79544          62215
       79539          62200
       79535          62188
       79531          62175
       79523          62150
       79521          62138
       79518          62125
       79512          62100
       79511          62088
       79509          62075
       79506          62050
       79506          62038
       79506          62025
       79505          62000
       79506          61988
       79507          61975
       79509          61950
       79512          61938
       79514          61925
       79518          61900
       79521          61888
       79524          61875
       79531          61850
       79535          61838
       79540          61825
       79549          61800
       79549          61799
       79550          61799
       79550          61798
       79555          61786
       79561          61774
       79571          61750
       79577          61738
       79582          61725
       79594          61700
       79595          61697
       79597          61693
       79600          61687
       79604          61678
       79609          61668
       79618          61650
       79624          61638
       79631          61625
       79645          61600
       79647          61598
       79648          61596
       79650          61592
       79657          61582
       79664          61571
       79680          61550
       79685          61544
       79690          61538
       79700          61526
       79707          61520
       79714          61513
       79728          61500
       79734          61495
       79739          61491
       79750          61482
       79762          61474
       79774          61466
       79799          61450
       79799          61450
       79799          61450
       79800          61449
       79813          61443
       79825          61436
       79850          61423
       79862          61417
       79875          61411
       79900          61400
       79900          61400
       79900          61400
       79900          61400
       79913          61395
       79925          61390
       79950          61380
       79963          61376
       79975          61372
       80000          61364
       80013          61361
       80025          61357
       80050          61350
       80050          61350
       80050          61350
       80051          61350
       80063          61346
       80075          61343
       80100          61336
       80113          61332
       80125          61327
       80150          61318
       80158          61314
       80166          61309
       80181          61300
       80186          61297
       80191          61294
       80200          61288
       80211          61279
       80221          61270
       80243          61250
       80245          61247
       80247          61243
       80250          61237
       80255          61228
       80260          61218
       80270          61200
       80269          61188
       80269          61175
       80268          61150
       80263          61138
       80259          61125
       80250          61100
       80250          61100
       80250          61100
       80250          61099
       80246          61087
       80242          61075
       80234          61050
       80233          61038
       80233          61025
       80232          61000
       80235          60988
       80239          60975
       80249          60950
       80249          60949
       80249          60949
       80250          60947
       80257          60935
       80265          60924
       80283          60900
       80287          60894
       80291          60888
       80300          60876
       80307          60870
       80313          60863
       80327          60850
       80333          60842
       80339          60833
       80350          60817
       80353          60813
       80357          60808
       80363          60800
       80369          60788
       80374          60775
       80384          60750
       80387          60738
       80391          60725
       80397          60700
       80398          60696
       80398          60693
       80400          60685
       80402          60677
       80403          60668
       80406          60650
       80408          60638
       80410          60625
       80414          60600
       80416          60588
       80418          60575
       80421          60550
       80423          60538
       80425          60525
       80429          60500
       80431          60488
       80432          60475
       80436          60450
       80438          60438
       80440          60425
       80444          60400
       80446          60391
       80447          60383
       80450          60365
       80451          60361
       80451          60358
       80453          60350
       80455          60338
       80458          60325
       80463          60300
       80466          60288
       80470          60275
       80477          60250
       80481          60238
       80485          60225
       80494          60200
       80495          60196
       80497          60192
       80500          60184
       80503          60176
       80506          60167
       80512          60150
       80517          60138
       80521          60125
       80530          60100
       80534          60088
       80538          60075
       80546          60050
       80547          60046
       80548          60042
       80550          60035
       80552          60026
       80554          60017
       80559          60000
       80561          59988
       80564          59975
       80569          59950
       80572          59938
       80574          59925
       80578          59900
       80580          59888
       80582          59875
       80586          59850
       80587          59838
       80589          59825
       80593          59800
       80594          59788
       80596          59775
       80600          59750
       80600          59750
       80600          59750
       80600          59750
       80602          59738
       80604          59725
       80609          59700
       80612          59688
       80615          59675
       80620          59650
       80624          59638
       80628          59625
       80636          59600
       80640          59591
       80643          59582
       80650          59564
       80651          59561
       80653          59557
       80656          59550
       80661          59538
       80666          59525
       80678          59500
       80683          59488
       80689          59475
       80700          59450
       80700          59450
       80700          59450
       80700          59450
       80705          59438
       80710          59425
       80721          59400
       80726          59388
       80731          59375
       80740          59350
       80743          59343
       80745          59336
       80750          59323
       80752          59317
       80754          59311
       80759          59300
       80764          59288
       80768          59275
       80778          59250
       80783          59238
       80789          59225
       80799          59200
       80799          59199
       80800          59199
       80800          59198
       80806          59186
       80811          59174
       80823          59150
       80829          59138
       80835          59125
       80848          59100
       80849          59099
       80849          59098
       80850          59097
       80857          59085
       80864          59073
       80877          59050
       80883          59040
       80889          59031
       80900          59011
       80902          59009
       80904          59006
       80907          59000
       80915          58988
       80923          58975
       80939          58950
       80942          58945
       80944          58941
       80950          58931
       80955          58923
       80960          58916
       80970          58900
       80977          58888
       80984          58875
       80998          58850
       80998          58849
       80999          58848
       81000          58845
       81006          58834
       81012          58823
       81023          58800
       81028          58788
       81033          58775
       81043          58750
       81045          58745
       81047          58740
       81050          58731
       81053          58723
       81055          58715
       81060          58700
       81064          58688
       81068          58675
       81074          58650
       81077          58638
       81080          58625
       81086          58600
       81089          58588
       81092          58575
       81097          58550
       81098          58547
       81099          58545
       81100          58540
       81102          58530
       81105          58520
       81110          58500
       81113          58488
       81117          58475
       81124          58450
       81128          58438
       81132          58425
       81140          58400
       81143          58394
       81145          58388
       81150          58375
       81153          58369
       81155          58363
       81160          58350
       81166          58338
       81172          58325
       81185          58300
       81188          58293
       81192          58286
       81200          58272
       81203          58267
       81207          58261
       81214          58250
       81222          58238
       81231          58225
       81249          58200
       81249          58200
       81249          58199
       81250          58198
       81260          58186
       81270          58174
       81291          58150
       81293          58147
       81295          58145
       81300          58140
       81310          58130
       81320          58120
       81340          58100
       81342          58097
       81345          58095
       81350          58089
       81361          58080
       81371          58070
       81393          58050
       81394          58048
       81396          58046
       81400          58043
       81412          58032
       81415          58030
       81414          58030
       81384          58028
       81355          58026
       81325          58024
       81295          58023
       81265          58021
       81235          58019
       81205          58017
       81175          58015
       81165          58015
       81163          58018
       81150          58037
       81148          58040
       81146          58043
       81141          58050
       81133          58063
       81125          58075
       81109          58100
       81107          58104
       81104          58107
       81100          58114
       81095          58123
       81089          58132
       81079          58150
       81072          58163
       81065          58175
       81051          58200
       81051          58201
       81051          58201
       81050          58203
       81044          58215
       81038          58226
       81026          58250
       81021          58263
       81015          58275
       81003          58300
       81003          58302
       81002          58304
       81000          58308
       80995          58319
       80991          58329
       80982          58350
       80977          58363
       80972          58375
       80962          58400
       80959          58408
       80956          58416
       80950          58431
       80948          58436
       80946          58441
       80942          58450
       80938          58463
       80933          58475
       80923          58500
       80919          58513
       80914          58525
       80904          58550
       80903          58553
       80902          58555
       80900          58560
       80896          58570
       80892          58580
       80884          58600
       80879          58613
       80873          58625
       80862          58650
       80859          58657
       80856          58663
       80850          58676
       80847          58682
       80844          58688
       80839          58700
       80832          58713
       80826          58725
       80813          58750
       80810          58756
       80806          58762
       80800          58773
       80796          58780
       80793          58787
       80785          58800
       80778          58813
       80771          58825
       80757          58850
       80755          58853
       80753          58856
       80750          58862
       80745          58872
       80739          58881
       80729          58900
       80722          58913
       80715          58925
       80702          58950
       80701          58951
       80701          58952
       80700          58953
       80694          58965
       80688          58977
       80676          59000
       80671          59013
       80665          59025
       80654          59050
       80653          59052
       80652          59054
       80650          59059
       80646          59069
       80642          59079
       80634          59100
       80629          59113
       80625          59125
       80617          59150
       80613          59163
       80610          59175
       80603          59200
       80602          59203
       80601          59205
       80600          59210
       80597          59220
       80595          59230
       80590          59250
       80587          59263
       80585          59275
       80579          59300
       80576          59313
       80574          59325
       80569          59350
       80566          59363
       80563          59375
       80557          59400
       80556          59407
       80554          59414
       80550          59428
       80549          59434
       80547          59439
       80544          59450
       80540          59463
       80536          59475
       80529          59500
       80524          59513
       80520          59525
       80511          59550
       80508          59558
       80506          59566
       80500          59582
       80498          59586
       80496          59591
       80493          59600
       80488          59613
       80483          59625
       80474          59650
       80469          59663
       80465          59675
       80456          59700
       80455          59705
       80453          59709
       80450          59719
       80447          59727
       80444          59734
       80438          59750
       80434          59763
       80429          59775
       80419          59800
       80414          59812
       80410          59823
       80400          59846
       80400          59847
       80399          59848
       80398          59850
       80392          59863
       80385          59875
       80372          59900
       80366          59909
       80361          59919
       80350          59937
       80348          59941
       80346          59944
       80342          59950
       80333          59963
       80325          59975
       80307          60000
       80305          60003
       80304          60005
       80300          60010
       80293          60020
       80285          60030
       80270          60050
       80265          60057
       80260          60064
       80250          60077
       80246          60083
       80241          60089
       80233          60100
       80225          60111
       80216          60123
       80200          60146
       80199          60147
       80198          60148
       80197          60150
       80189          60163
       80181          60175
       80164          60200
       80161          60207
       80157          60214
       80150          60228
       80147          60233
       80144          60239
       80138          60250
       80134          60263
       80129          60275
       80121          60300
       80118          60313
       80116          60325
       80111          60350
       80110          60363
       80109          60375
       80106          60400
       80105          60413
       80104          60425
       80103          60450
       80102          60457
       80101          60465
       80100          60480
       80100          60485
       80099          60490
       80098          60500
       80097          60513
       80095          60525
       80092          60550
       80090          60563
       80088          60575
       80084          60600
       80081          60613
       80078          60625
       80073          60650
       80070          60663
       80066          60675
       80060          60700
       80057          60708
       80055          60717
       80050          60733
       80049          60738
       80048          60742
       80045          60750
       80042          60763
       80038          60775
       80030          60800
       80027          60813
       80024          60825
       80017          60850
       80013          60863
       80010          60875
       80004          60900
       80003          60904
       80002          60908
       80000          60917
       79998          60925
       79996          60933
       79991          60950
       79988          60963
       79984          60975
       79976          61000
       79970          61013
       79965          61025
       79951          61050
       79951          61050
       79950          61050
       79950          61051
       79941          61063
       79932          61075
       79909          61100
       79907          61102
       79905          61103
       79900          61107
       79888          61119
       79875          61130
       79850          61150
       79850          61150
       79850          61150
       79850          61150
       79837          61160
       79825          61170
       79800          61189
       79797          61192
       79794          61195
       79788          61200
       79778          61207
       79769          61215
       79750          61228
       79743          61234
       79737          61239
       79723          61250
       79718          61254
       79712          61259
       79700          61267
       79689          61276
       79678          61284
       79656          61300
       79654          61301
       79653          61302
       79650          61304
       79638          61313
       79625          61322
       79600          61340
       79596          61342
       79592          61345
       79584          61350
       79575          61356
       79567          61362
       79550          61373
       79539          61380
       79527          61387
       79505          61400
       79504          61401
       79502          61402
       79500          61404
       79488          61412
       79475          61419
       79450          61434
       79441          61438
       79432          61442
       79415          61450
       79411          61452
       79407          61455
       79400          61459
       79388          61467
       79375          61475
       79350          61488
       79346          61491
       79343          61494
       79335          61500
       79328          61513
       79321          61525
       79305          61550
       79305          61563
       79305          61575
       79305          61600
       79307          61613
       79309          61625
       79313          61650
       79314          61663
       79314          61675
       79315          61700
       79313          61713
       79311          61725
       79308          61750
       79306          61757
       79304          61765
       79300          61780
       79299          61785
       79298          61790
       79296          61800
       79292          61813
       79289          61825
       79282          61850
       79278          61863
       79274          61875
       79267          61900
       79263          61913
       79259          61925
       79252          61950
       79251          61952
       79251          61953
       79250          61957
       79247          61967
       79244          61978
       79237          62000
       79234          62013
       79231          62025
       79225          62050
       79223          62063
       79220          62075
       79215          62100
       79214          62113
       79213          62125
       79211          62150
       79213          62163
       79214          62175
       79217          62200
       79221          62213
       79225          62225
       79234          62250
       79238          62258
       79242          62267
       79250          62284
       79252          62288
       79253          62292
       79256          62300
       79261          62313
       79265          62325
       79273          62350
       79275          62363
       79277          62375
       79281          62400
       79280          62413
       79278          62425
       79276          62450
       79271          62463
       79266          62475
       79256          62500
       79254          62502
       79253          62504
       79250          62508
       79241          62519
       79232          62529
       79213          62550
       79209          62553
       79206          62555
       79200          62560
       79188          62567
       79175          62573
       79150          62587
       79141          62590
       79131          62593
       79113          62600
       79110          62601
       79106          62602
       79100          62604
       79088          62608
       79075          62612
       79050          62619
       79038          62626
       79025          62633
       79000          62646
       78999          62647
       78998          62648
       78996          62650
       78984          62659
       78973          62667
       78950          62684
       78947          62688
       78943          62692
       78937          62700
       78928          62709
       78918          62718
       78900          62736
       78898          62740
       78896          62743
       78892          62750
       78890          62763
       78888          62775
       78884          62800
       78887          62806
       78891          62811
       78900          62823
       78909          62830
       78918          62837
       78936          62850
       78940          62854
       78943          62858
       78950          62866
       78956          62874
       78962          62883
       78972          62900
       78969          62913
       78966          62925
       78958          62950
       78956          62961
       78954          62973
       78950          62996
       78950          62997
       78950          62998
       78949          63000
       78948          63013
       78948          63025
       78946          63050
       78945          63063
       78945          63075
       78944          63100
       78944          63113
       78943          63125
       78942          63150
       78941          63163
       78940          63175
       78939          63200
       78938          63213
       78937          63225
       78935          63250
       78933          63263
       78932          63275
       78929          63300
       78927          63313
       78925          63325
       78922          63350
       78920          63363
       78917          63375
       78913          63400
       78911          63413
       78908          63425
       78903          63450
       78903          63454
       78902          63458
       78900          63467
       78898          63475
       78897          63483
       78894          63500
       78891          63513
       78889          63525
       78885          63550
       78883          63563
       78881          63575
       78877          63600
       78875          63613
       78873          63625
       78869          63650
       78867          63663
       78865          63675
       78861          63700
       78858          63712
       78855          63724
       78850          63749
       78850          63749
       78850          63749
       78850          63750
       78846          63763
       78842          63775
       78832          63800
       78826          63813
       78819          63825
       78802          63850
       78801          63850
       78801          63851
       78800          63852
       78788          63864
       78775          63875
       78750          63894
       78748          63896
       78745          63897
       78740          63900
       78730          63906
       78720          63911
       78700          63921
       78688          63927
       78675          63933
       78650          63942
       78647          63944
       78644          63946
       78637          63950
       78628          63956
       78619          63963
       78600          63974
       78595          63981
       78589          63987
       78578          64000
       78572          64013
       78566          64025
       78554          64050
       78554          64063
       78553          64075
       78553          64100
       78557          64113
       78561          64125
       78569          64150
       78575          64163
       78580          64175
       78591          64200
       78593          64205
       78596          64209
       78600          64218
       78605          64226
       78611          64234
       78620          64250
       78627          64263
       78633          64275
       78645          64300
       78646          64305
       78648          64309
       78650          64318
       78652          64326
       78655          64334
       78659          64350
       78660          64363
       78660          64375
       78661          64400
       78661          64413
       78660          64425
       78658          64450
       78657          64463
       78656          64475
       78654          64500
       78653          64513
       78653          64525
       78651          64550
       78652          64563
       78653          64575
       78655          64600
       78657          64613
       78658          64625
       78662          64650
       78665          64663
       78667          64675
       78672          64700
       78675          64713
       78677          64725
       78682          64750
       78684          64763
       78686          64775
       78690          64800
       78692          64813
       78694          64825
       78697          64850
       78698          64854
       78699          64858
       78700          64865
       78701          64874
       78703          64883
       78706          64900
       78709          64913
       78711          64925
       78717          64950
       78720          64963
       78724          64975
       78731          65000
       78735          65013
       78739          65025
       78747          65050
       78748          65052
       78749          65054
       78750          65059
       78754          65069
       78757          65079
       78765          65100
       78769          65113
       78773          65125
       78782          65150
       78785          65163
       78789          65175
       78796          65200
       78797          65205
       78798          65209
       78800          65218
       78802          65226
       78804          65234
       78808          65250
       78810          65263
       78812          65275
       78817          65300
       78818          65313
       78818          65325
       78820          65350
       78820          65363
       78820          65375
       78819          65400
       78819          65413
       78819          65425
       78819          65450
       78820          65463
       78822          65475
       78824          65500
       78828          65513
       78832          65525
       78840          65550
       78842          65556
       78845          65562
       78850          65574
       78853          65580
       78856          65587
       78862          65600
       78867          65613
       78872          65625
       78882          65650
       78885          65663
       78889          65675
       78896          65700
       78897          65707
       78898          65714
       78900          65728
       78901          65733
       78902          65739
       78904          65750
       78903          65763
       78902          65775
       78901          65800
       78901          65802
       78901          65804
       78900          65809
       78899          65819
       78897          65829
       78894          65850
       78894          65863
       78893          65875
       78890          65900
       78893          65909
       78895          65918
       78900          65936
       78901          65939
       78903          65943
       78905          65950
       78915          65963
       78925          65975
       78946          66000
       78947          66001
       78948          66003
       78950          66005
       78960          66016
       78970          66028
       78991          66050
       78993          66055
       78996          66060
       79000          66070
       79003          66077
       79006          66085
       79012          66100
       79009          66109
       79005          66119
       79000          66138
       78999          66141
       78998          66144
       78997          66150
       78990          66163
       78984          66175
       78975          66200
       78970          66213
       78966          66225
       78958          66250
       78956          66260
       78954          66271
       78950          66292
       78950          66294
       78949          66296
       78948          66300
       78947          66313
       78945          66325
       78943          66350
       78942          66363
       78941          66375
       78940          66400
       78940          66413
       78939          66425
       78938          66450
       78938          66463
       78937          66475
       78935          66500
       78933          66513
       78931          66525
       78928          66550
       78926          66563
       78925          66575
       78923          66600
       78923          66613
       78923          66625
       78923          66650
       78924          66663
       78926          66675
       78928          66700
       78931          66713
       78934          66725
       78939          66750
       78942          66758
       78945          66766
       78950          66782
       78951          66787
       78953          66791
       78955          66800
       78960          66813
       78965          66825
       78976          66850
       78981          66862
       78987          66875
       79000          66899
       79000          66899
       79000          66900
       79000          66900
       79007          66913
       79013          66925
       79028          66950
       79033          66958
       79038          66967
       79050          66984
       79053          66988
       79056          66992
       79062          67000
       79071          67011
       79080          67022
       79100          67044
       79101          67046
       79103          67047
       79105          67050
       79116          67062
       79127          67073
       79150          67096
       79151          67097
       79152          67098
       79154          67100
       79165          67113
       79176          67125
       79199          67150
       79199          67150
       79199          67151
       79200          67151
       79209          67164
       79218          67176
       79236          67200
       79239          67206
       79243          67211
       79250          67223
       79254          67230
       79258          67236
       79267          67250
       79273          67263
       79280          67275
       79293          67300
       79295          67304
       79297          67307
       79300          67315
       79304          67323
       79308          67332
       79317          67350
       79323          67363
       79328          67375
       79340          67400
       79343          67405
       79345          67411
       79350          67421
       79354          67428
       79357          67436
       79365          67450
       79371          67463
       79378          67475
       79391          67500
       79393          67504
       79396          67508
       79400          67516
       79405          67524
       79410          67533
       79420          67550
       79428          67562
       79435          67574
       79450          67598
       79450          67599
       79451          67599
       79451          67600
       79459          67613
       79462          67617
       79488          67620
       79518          67623
       79548          67626
       79577          67629
       79607          67632
       79637          67634
       79667          67637
       79697          67640
       79727          67643
       79757          67646
       79786          67649
       79816          67652
       79846          67655
       79876          67658
       79906          67661
       79936          67664
       79966          67666
       79973          67667
48;   7;  0;  -2795.00
       80650          61226
       80638          61225
       80625          61223
       80600          61221
       80588          61216
       80577          61211
       80553          61200
       80553          61199
       80552          61198
       80550          61197
       80539          61185
       80529          61173
       80512          61150
       80510          61138
       80509          61125
       80505          61100
       80509          61088
       80512          61075
       80521          61050
       80526          61042
       80533          61034
       80550          61019
       80563          61017
       80575          61015
       80600          61013
       80613          61018
       80625          61023
       80650          61030
       80657          61035
       80664          61040
       80677          61050
       80683          61055
       80689          61059
       80700          61068
       80705          61076
       80711          61084
       80722          61100
       80724          61113
       80727          61125
       80733          61150
       80728          61163
       80723          61175
       80710          61200
       80708          61202
       80705          61205
       80700          61210
       80688          61214
       80675          61218
1836;   7;  1;  -2795.00
       80723          67738
       80723          67725
       80723          67700
       80722          67688
       80721          67675
       80720          67650
       80719          67638
       80718          67625
       80715          67600
       80713          67588
       80710          67575
       80706          67550
       80704          67545
       80703          67540
       80700          67530
       80697          67522
       80695          67515
       80690          67500
       80683          67488
       80677          67475
       80664          67450
       80661          67445
       80657          67439
       80650          67429
       80644          67421
       80639          67414
       80627          67400
       80620          67393
       80614          67385
       80600          67370
       80594          67365
       80589          67360
       80577          67350
       80570          67345
       80564          67340
       80550          67329
       80539          67322
       80527          67315
       80505          67300
       80504          67299
       80502          67298
       80500          67297
       80488          67290
       80475          67283
       80450          67267
       80442          67263
       80434          67259
       80418          67250
       80414          67247
       80409          67244
       80400          67239
       80388          67232
       80375          67225
       80350          67210
       80344          67208
       80338          67206
       80326          67200
       80320          67197
       80313          67193
       80300          67185
       80288          67182
       80275          67179
       80250          67172
       80238          67170
       80225          67167
       80200          67163
       80188          67161
       80175          67159
       80150          67155
       80143          67154
       80137          67152
       80123          67150
       80118          67149
       80112          67147
       80100          67145
       80088          67142
       80075          67140
       80050          67135
       80038          67132
       80025          67130
       80000          67126
       79988          67124
       79975          67122
       79950          67119
       79938          67117
       79925          67115
       79900          67112
       79888          67110
       79875          67108
       79850          67104
       79847          67103
       79843          67102
       79837          67100
       79828          67097
       79818          67095
       79800          67090
       79788          67085
       79775          67081
       79750          67072
       79739          67066
       79729          67061
       79707          67050
       79705          67049
       79704          67048
       79700          67046
       79688          67037
       79675          67028
       79650          67010
       79647          67008
       79644          67005
       79638          67000
       79629          66990
       79619          66980
       79600          66960
       79598          66958
       79596          66955
       79591          66950
       79584          66938
       79576          66925
       79560          66900
       79557          66894
       79555          66887
       79550          66874
       79548          66868
       79546          66862
       79541          66850
       79540          66838
       79538          66825
       79535          66800
       79539          66788
       79542          66775
       79550          66750
       79550          66750
       79550          66750
       79550          66750
       79560          66737
       79570          66725
       79594          66700
       79595          66699
       79597          66698
       79600          66696
       79613          66686
       79625          66676
       79650          66657
       79652          66656
       79654          66654
       79658          66650
       79668          66641
       79679          66630
       79700          66609
       79701          66606
       79703          66604
       79706          66600
       79711          66588
       79717          66575
       79725          66550
       79724          66538
       79724          66525
       79723          66500
       79717          66488
       79711          66476
       79700          66451
       79700          66451
       79700          66451
       79699          66450
       79686          66438
       79674          66425
       79650          66400
       79650          66400
       79650          66400
       79650          66400
       79638          66393
       79625          66385
       79600          66367
       79592          66363
       79585          66359
       79570          66350
       79565          66347
       79560          66344
       79550          66339
       79538          66333
       79525          66327
       79500          66313
       79495          66310
       79490          66307
       79480          66300
       79472          66294
       79465          66287
       79450          66272
       79446          66267
       79442          66261
       79435          66250
       79428          66238
       79423          66225
       79414          66200
       79410          66188
       79407          66175
       79401          66150
       79401          66148
       79401          66147
       79400          66144
       79398          66133
       79396          66122
       79392          66100
       79390          66088
       79387          66075
       79382          66050
       79379          66038
       79376          66025
       79371          66000
       79368          65988
       79365          65975
       79359          65950
       79357          65940
       79355          65929
       79350          65908
       79350          65906
       79349          65904
       79348          65900
       79346          65888
       79344          65875
       79339          65850
       79337          65838
       79334          65825
       79329          65800
       79326          65788
       79323          65775
       79316          65750
       79312          65739
       79308          65729
       79300          65708
       79299          65706
       79299          65704
       79297          65700
       79292          65688
       79287          65675
       79277          65650
       79272          65638
       79267          65625
       79257          65600
       79255          65595
       79254          65590
       79250          65580
       79247          65573
       79245          65565
       79239          65550
       79236          65538
       79232          65525
       79225          65500
       79224          65488
       79222          65475
       79219          65450
       79222          65438
       79224          65425
       79228          65400
       79231          65388
       79235          65375
       79241          65350
       79243          65338
       79244          65325
       79248          65300
       79247          65288
       79247          65275
       79246          65250
       79244          65238
       79241          65225
       79235          65200
       79230          65188
       79224          65175
       79212          65150
       79209          65146
       79206          65141
       79200          65132
       79193          65124
       79186          65116
       79172          65100
       79166          65094
       79161          65089
       79150          65078
       79142          65071
       79134          65064
       79117          65050
       79113          65046
       79109          65043
       79100          65035
       79090          65027
       79079          65018
       79058          65000
       79056          64998
       79054          64996
       79050          64992
       79040          64982
       79030          64971
       79010          64950
       79008          64947
       79005          64944
       79000          64937
       78994          64928
       78988          64919
       78976          64900
       78969          64888
       78963          64875
       78951          64850
       78950          64850
       78950          64849
       78950          64848
       78946          64836
       78943          64824
       78936          64800
       78933          64788
       78931          64775
       78926          64750
       78925          64738
       78923          64725
       78921          64700
       78920          64688
       78920          64675
       78920          64650
       78922          64638
       78924          64625
       78928          64600
       78933          64588
       78937          64575
       78947          64550
       78948          64549
       78949          64547
       78950          64545
       78957          64534
       78964          64522
       78977          64500
       78983          64491
       78989          64483
       79000          64465
       79002          64462
       79005          64458
       79009          64450
       79017          64438
       79024          64425
       79036          64400
       79040          64391
       79043          64383
       79050          64366
       79052          64362
       79053          64358
       79056          64350
       79060          64338
       79063          64325
       79070          64300
       79073          64288
       79075          64275
       79081          64250
       79083          64238
       79085          64225
       79090          64200
       79093          64188
       79095          64177
       79100          64154
       79100          64153
       79100          64152
       79101          64150
       79104          64138
       79108          64125
       79115          64100
       79119          64088
       79123          64075
       79131          64050
       79135          64038
       79139          64025
       79148          64000
       79148          63998
       79149          63997
       79150          63994
       79154          63983
       79159          63972
       79168          63950
       79173          63938
       79178          63925
       79188          63900
       79191          63892
       79194          63885
       79200          63870
       79202          63865
       79204          63860
       79209          63850
       79214          63838
       79219          63825
       79230          63800
       79235          63788
       79240          63776
       79250          63752
       79250          63752
       79251          63751
       79251          63750
       79257          63738
       79263          63725
       79275          63700
       79281          63688
       79287          63676
       79300          63651
       79300          63651
       79300          63651
       79301          63650
       79308          63638
       79315          63625
       79329          63600
       79334          63591
       79340          63583
       79350          63565
       79352          63561
       79355          63558
       79360          63550
       79367          63538
       79375          63525
       79391          63500
       79393          63496
       79395          63492
       79400          63485
       79405          63476
       79411          63467
       79422          63450
       79429          63438
       79436          63426
       79450          63402
       79450          63401
       79451          63401
       79451          63400
       79457          63388
       79464          63375
       79477          63350
       79483          63338
       79488          63325
       79500          63300
       79500          63300
       79500          63300
       79500          63300
       79505          63288
       79510          63275
       79521          63250
       79526          63238
       79532          63225
       79542          63200
       79544          63195
       79546          63190
       79550          63181
       79553          63173
       79557          63165
       79563          63150
       79569          63138
       79574          63125
       79584          63100
       79588          63090
       79592          63080
       79600          63060
       79601          63057
       79602          63055
       79604          63050
       79610          63038
       79615          63025
       79626          63000
       79632          62988
       79638          62976
       79650          62953
       79650          62952
       79651          62951
       79651          62950
       79659          62938
       79666          62925
       79679          62900
       79685          62892
       79690          62884
       79700          62868
       79703          62864
       79705          62859
       79710          62850
       79718          62838
       79726          62825
       79742          62800
       79744          62797
       79746          62794
       79750          62788
       79756          62778
       79762          62769
       79773          62750
       79780          62738
       79787          62726
       79800          62702
       79800          62702
       79801          62701
       79801          62700
       79807          62688
       79813          62675
       79824          62650
       79829          62638
       79833          62625
       79842          62600
       79844          62592
       79846          62583
       79850          62567
       79851          62563
       79852          62558
       79854          62550
       79856          62538
       79857          62525
       79861          62500
       79862          62488
       79862          62475
       79864          62450
       79864          62438
       79864          62425
       79864          62400
       79863          62388
       79862          62375
       79860          62350
       79859          62338
       79857          62325
       79854          62300
       79853          62295
       79852          62289
       79850          62279
       79849          62271
       79847          62264
       79845          62250
       79842          62238
       79839          62225
       79833          62200
       79829          62188
       79826          62175
       79818          62150
       79813          62139
       79809          62127
       79800          62105
       79800          62104
       79799          62102
       79798          62100
       79793          62088
       79788          62075
       79778          62050
       79773          62038
       79768          62025
       79759          62000
       79756          61993
       79754          61986
       79750          61973
       79748          61967
       79747          61961
       79744          61950
       79742          61938
       79740          61925
       79737          61900
       79737          61888
       79738          61875
       79738          61850
       79741          61838
       79743          61825
       79749          61800
       79749          61799
       79749          61798
       79750          61796
       79756          61785
       79762          61773
       79775          61750
       79781          61742
       79787          61734
       79800          61718
       79805          61713
       79809          61709
       79819          61700
       79827          61694
       79834          61688
       79850          61676
       79861          61670
       79872          61663
       79894          61650
       79896          61649
       79897          61648
       79900          61647
       79913          61641
       79925          61635
       79950          61623
       79961          61618
       79973          61612
       79995          61600
       79996          61599
       79998          61599
       80000          61598
       80013          61591
       80025          61584
       80050          61569
       80056          61564
       80063          61560
       80076          61550
       80082          61546
       80088          61542
       80100          61534
       80110          61526
       80120          61517
       80140          61500
       80143          61498
       80145          61497
       80150          61493
       80162          61483
       80175          61472
       80199          61450
       80200          61450
       80200          61450
       80200          61450
       80213          61440
       80225          61431
       80250          61411
       80254          61408
       80258          61406
       80265          61400
       80274          61395
       80283          61389
       80300          61378
       80313          61372
       80325          61366
       80350          61354
       80356          61353
       80361          61352
       80373          61350
       80380          61349
       80386          61347
       80400          61345
       80413          61345
       80425          61345
       80450          61346
       80459          61347
       80468          61348
       80486          61350
       80490          61350
       80493          61351
       80500          61352
       80513          61353
       80525          61355
       80550          61358
       80563          61358
       80575          61359
       80600          61360
       80613          61360
       80625          61359
       80650          61358
       80659          61356
       80669          61354
       80688          61350
       80691          61349
       80694          61349
       80700          61348
       80713          61343
       80725          61337
       80750          61326
       80758          61320
       80765          61314
       80780          61300
       80786          61294
       80791          61288
       80800          61276
       80804          61270
       80808          61263
       80815          61250
       80818          61238
       80822          61225
       80828          61200
       80828          61188
       80827          61175
       80827          61150
       80823          61138
       80819          61125
       80811          61100
       80809          61095
       80806          61090
       80800          61079
       80796          61072
       80792          61065
       80785          61050
       80778          61038
       80772          61025
       80758          61000
       80756          60996
       80754          60991
       80750          60982
       80745          60974
       80740          60966
       80730          60950
       80723          60938
       80716          60925
       80701          60900
       80701          60899
       80700          60899
       80700          60898
       80693          60886
       80685          60874
       80670          60850
       80665          60838
       80660          60826
       80650          60801
       80650          60801
       80650          60801
       80649          60800
       80646          60788
       80643          60775
       80637          60750
       80637          60738
       80636          60725
       80634          60700
       80635          60688
       80636          60675
       80638          60650
       80640          60638
       80642          60625
       80647          60600
       80648          60597
       80648          60595
       80650          60590
       80653          60580
       80656          60570
       80663          60550
       80669          60538
       80676          60525
       80689          60500
       80692          60494
       80694          60489
       80700          60478
       80703          60471
       80707          60464
       80715          60450
       80721          60438
       80728          60425
       80743          60400
       80745          60397
       80747          60394
       80750          60388
       80756          60378
       80762          60369
       80776          60350
       80782          60340
       80788          60329
       80800          60309
       80801          60307
       80803          60304
       80806          60300
       80810          60288
       80814          60275
       80822          60250
       80821          60238
       80821          60225
       80819          60200
       80816          60188
       80812          60175
       80806          60150
       80804          60146
       80803          60143
       80800          60135
       80797          60126
       80794          60118
       80789          60100
       80785          60088
       80781          60075
       80774          60050
       80771          60038
       80767          60025
       80761          60000
       80758          59988
       80755          59975
       80750          59950
       80750          59950
       80750          59950
       80750          59950
       80748          59937
       80746          59925
       80742          59900
       80741          59888
       80739          59875
       80737          59850
       80736          59838
       80735          59825
       80734          59800
       80734          59788
       80734          59775
       80734          59750
       80736          59738
       80737          59725
       80740          59700
       80742          59689
       80745          59678
       80750          59657
       80750          59655
       80751          59653
       80752          59650
       80757          59638
       80762          59625
       80773          59600
       80780          59588
       80786          59576
       80800          59553
       80800          59552
       80801          59551
       80802          59550
       80811          59538
       80820          59525
       80839          59500
       80842          59496
       80845          59492
       80850          59485
       80858          59476
       80865          59467
       80881          59450
       80885          59443
       80890          59437
       80900          59424
       80905          59418
       80911          59412
       80921          59400
       80929          59391
       80936          59381
       80950          59362
       80953          59359
       80956          59356
       80961          59350
       80971          59338
       80981          59326
       81000          59301
       81000          59301
       81001          59301
       81001          59300
       81013          59288
       81024          59275
       81045          59250
       81047          59249
       81048          59247
       81050          59245
       81061          59233
       81072          59222
       81093          59200
       81095          59198
       81097          59196
       81100          59193
       81111          59182
       81122          59172
       81144          59150
       81146          59148
       81147          59147
       81150          59144
       81161          59133
       81173          59122
       81195          59100
       81196          59099
       81198          59098
       81200          59095
       81211          59084
       81221          59073
       81243          59050
       81245          59048
       81246          59046
       81250          59042
       81258          59032
       81266          59021
       81283          59000
       81287          58994
       81292          58988
       81300          58976
       81304          58970
       81307          58963
       81315          58950
       81321          58938
       81326          58925
       81337          58900
       81341          58888
       81344          58876
       81350          58853
       81350          58852
       81350          58851
       81351          58850
       81351          58838
       81352          58825
       81354          58800
       81353          58788
       81352          58775
       81350          58750
       81350          58750
       81350          58749
       81350          58748
       81348          58736
       81346          58724
       81342          58700
       81339          58688
       81337          58675
       81332          58650
       81330          58638
       81327          58625
       81323          58600
       81322          58588
       81321          58575
       81320          58550
       81321          58538
       81322          58525
       81324          58500
       81328          58488
       81331          58475
       81339          58450
       81341          58444
       81344          58439
       81350          58427
       81355          58420
       81360          58414
       81369          58400
       81377          58391
       81385          58383
       81400          58365
       81404          58362
       81409          58358
       81418          58350
       81426          58344
       81434          58338
       81450          58325
       81459          58319
       81468          58313
       81487          58300
       81490          58298
       81493          58296
       81500          58291
       81513          58283
       81525          58275
       81550          58258
       81553          58256
       81555          58254
       81561          58250
       81570          58243
       81580          58237
       81600          58223
       81607          58217
       81614          58212
       81629          58200
       81634          58196
       81639          58192
       81650          58184
       81660          58176
       81670          58167
       81690          58150
       81692          58148
       81695          58146
       81700          58141
       81711          58131
       81722          58121
       81744          58100
       81745          58099
       81747          58097
       81750          58094
       81761          58083
       81772          58072
       81791          58052
       81774          58051
       81744          58049
       81714          58048
       81684          58046
       81654          58044
       81624          58042
       81594          58040
       81564          58039
       81534          58037
       81504          58035
       81474          58033
       81444          58031
       81415          58030
       81400          58043
       81398          58045
       81396          58046
       81393          58050
       81382          58060
       81371          58070
       81350          58089
       81347          58092
       81345          58095
       81340          58100
       81330          58110
       81320          58120
       81300          58140
       81298          58142
       81295          58145
       81291          58150
       81281          58162
       81270          58174
       81250          58198
       81250          58199
       81249          58199
       81249          58200
       81240          58213
       81231          58225
       81214          58250
       81210          58256
       81207          58261
       81200          58272
       81196          58279
       81192          58286
       81185          58300
       81178          58313
       81172          58325
       81160          58350
       81158          58356
       81155          58363
       81150          58375
       81148          58382
       81145          58388
       81140          58400
       81136          58413
       81132          58425
       81124          58450
       81120          58463
       81117          58475
       81110          58500
       81107          58510
       81105          58520
       81100          58540
       81099          58542
       81099          58545
       81097          58550
       81095          58563
       81092          58575
       81086          58600
       81083          58613
       81080          58625
       81074          58650
       81071          58663
       81068          58675
       81060          58700
       81058          58708
       81055          58715
       81050          58731
       81048          58736
       81047          58740
       81043          58750
       81039          58763
       81033          58775
       81023          58800
       81017          58811
       81012          58823
       81000          58845
       80999          58846
       80999          58848
       80998          58850
       80991          58863
       80984          58875
       80970          58900
       80965          58908
       80960          58916
       80950          58931
       80947          58936
       80944          58941
       80939          58950
       80931          58963
       80923          58975
       80907          59000
       80906          59003
       80904          59006
       80900          59011
       80894          59021
       80889          59031
       80877          59050
       80870          59062
       80864          59073
       80850          59097
       80850          59097
       80849          59098
       80848          59100
       80842          59113
       80835          59125
       80823          59150
       80817          59162
       80811          59174
       80800          59198
       80800          59198
       80800          59199
       80799          59200
       80794          59213
       80789          59225
       80778          59250
       80773          59263
       80768          59275
       80759          59300
       80757          59306
       80754          59311
       80750          59323
       80748          59330
       80745          59336
       80740          59350
       80735          59363
       80731          59375
       80721          59400
       80716          59413
       80710          59425
       80700          59450
       80700          59450
       80700          59450
       80700          59450
       80694          59463
       80689          59475
       80678          59500
       80672          59513
       80666          59525
       80656          59550
       80654          59554
       80653          59557
       80650          59564
       80646          59573
       80643          59582
       80636          59600
       80632          59613
       80628          59625
       80620          59650
       80618          59663
       80615          59675
       80609          59700
       80607          59713
       80604          59725
       80600          59750
       80600          59750
       80600          59750
       80600          59750
       80598          59763
       80596          59775
       80593          59800
       80591          59813
       80589          59825
       80586          59850
       80584          59863
       80582          59875
       80578          59900
       80576          59913
       80574          59925
       80569          59950
       80567          59963
       80564          59975
       80559          60000
       80557          60009
       80554          60017
       80550          60035
       80549          60039
       80548          60042
       80546          60050
       80542          60063
       80538          60075
       80530          60100
       80526          60113
       80521          60125
       80512          60150
       80509          60159
       80506          60167
       80500          60184
       80498          60188
       80497          60192
       80494          60200
       80490          60213
       80485          60225
       80477          60250
       80473          60263
       80470          60275
       80463          60300
       80460          60313
       80458          60325
       80453          60350
       80452          60354
       80451          60358
       80450          60365
       80449          60374
       80447          60383
       80444          60400
       80442          60413
       80440          60425
       80436          60450
       80434          60463
       80432          60475
       80429          60500
       80427          60513
       80425          60525
       80421          60550
       80420          60563
       80418          60575
       80414          60600
       80412          60613
       80410          60625
       80406          60650
       80405          60659
       80403          60668
       80400          60685
       80399          60689
       80398          60693
       80397          60700
       80394          60713
       80391          60725
       80384          60750
       80379          60763
       80374          60775
       80363          60800
       80360          60804
       80357          60808
       80350          60817
       80344          60825
       80339          60833
       80327          60850
       80320          60857
       80313          60863
       80300          60876
       80296          60882
       80291          60888
       80283          60900
       80274          60912
       80265          60924
       80250          60947
       80250          60948
       80249          60949
       80249          60950
       80244          60963
       80239          60975
       80232          61000
       80232          61013
       80233          61025
       80234          61050
       80238          61062
       80242          61075
       80250          61099
       80250          61100
       80250          61100
       80250          61100
       80254          61113
       80259          61125
       80268          61150
       80268          61163
       80269          61175
       80270          61200
       80265          61209
       80260          61218
       80250          61237
       80248          61240
       80247          61243
       80243          61250
       80232          61260
       80221          61270
       80200          61288
       80195          61291
       80191          61294
       80181          61300
       80173          61305
       80166          61309
       80150          61318
       80138          61322
       80125          61327
       80100          61336
       80088          61339
       80075          61343
       80051          61350
       80051          61350
       80050          61350
       80050          61350
       80038          61354
       80025          61357
       80000          61364
       79988          61368
       79975          61372
       79950          61380
       79938          61385
       79925          61390
       79900          61400
       79900          61400
       79900          61400
       79900          61400
       79887          61406
       79875          61411
       79850          61423
       79838          61429
       79825          61436
       79800          61449
       79800          61449
       79799          61450
       79799          61450
       79787          61458
       79774          61466
       79750          61482
       79745          61486
       79739          61491
       79728          61500
       79721          61506
       79714          61513
       79700          61526
       79695          61532
       79690          61538
       79680          61550
       79672          61561
       79664          61571
       79650          61592
       79649          61594
       79648          61596
       79645          61600
       79638          61613
       79631          61625
       79618          61650
       79613          61659
       79609          61668
       79600          61687
       79598          61690
       79597          61693
       79594          61700
       79588          61713
       79582          61725
       79571          61750
       79566          61762
       79561          61774
       79550          61798
       79550          61798
       79550          61799
       79549          61800
       79545          61813
       79540          61825
       79531          61850
       79528          61863
       79524          61875
       79518          61900
       79516          61913
       79514          61925
       79509          61950
       79508          61963
       79507          61975
       79505          62000
       79505          62013
       79506          62025
       79506          62050
       79508          62063
       79509          62075
       79512          62100
       79515          62113
       79518          62125
       79523          62150
       79527          62163
       79531          62175
       79539          62200
       79542          62208
       79544          62215
       79550          62230
       79552          62235
       79554          62240
       79557          62250
       79562          62263
       79566          62275
       79575          62300
       79579          62313
       79583          62325
       79590          62350
       79593          62361
       79595          62371
       79600          62393
       79600          62395
       79601          62396
       79602          62400
       79603          62413
       79604          62425
       79607          62450
       79606          62463
       79606          62475
       79605          62500
       79603          62505
       79602          62509
       79600          62519
       79598          62526
       79596          62534
       79591          62550
       79584          62563
       79577          62575
       79563          62600
       79560          62604
       79557          62608
       79550          62616
       79542          62624
       79534          62633
       79517          62650
       79513          62654
       79508          62657
       79500          62664
       79489          62673
       79477          62682
       79454          62700
       79453          62701
       79452          62702
       79450          62703
       79438          62712
       79425          62721
       79400          62738
       79396          62741
       79391          62744
       79383          62750
       79375          62756
       79366          62762
       79350          62773
       79340          62780
       79330          62787
       79311          62800
       79308          62802
       79305          62804
       79300          62808
       79288          62818
       79275          62827
       79250          62846
       79249          62847
       79248          62848
       79245          62850
       79233          62862
       79221          62874
       79200          62898
       79200          62898
       79199          62899
       79198          62900
       79191          62913
       79184          62925
       79172          62950
       79168          62963
       79165          62975
       79158          63000
       79156          63010
       79154          63020
       79150          63040
       79150          63042
       79149          63045
       79148          63050
       79147          63063
       79145          63075
       79142          63100
       79140          63113
       79138          63125
       79136          63150
       79134          63163
       79133          63175
       79130          63200
       79128          63213
       79127          63225
       79124          63250
       79122          63263
       79120          63275
       79117          63300
       79115          63313
       79113          63325
       79108          63350
       79106          63359
       79104          63369
       79100          63388
       79099          63391
       79099          63394
       79098          63400
       79095          63413
       79092          63425
       79086          63450
       79083          63463
       79080          63475
       79074          63500
       79071          63513
       79068          63525
       79061          63550
       79059          63563
       79056          63575
       79050          63600
       79050          63601
       79050          63601
       79050          63602
       79048          63614
       79046          63626
       79042          63650
       79039          63663
       79037          63675
       79033          63700
       79030          63713
       79028          63725
       79023          63750
       79019          63763
       79016          63775
       79010          63800
       79007          63807
       79005          63815
       79000          63830
       78998          63835
       78997          63840
       78994          63850
       78989          63863
       78985          63875
       78976          63900
       78972          63913
       78967          63925
       78958          63950
       78956          63955
       78954          63960
       78950          63970
       78946          63978
       78943          63985
       78935          64000
       78930          64013
       78925          64025
       78914          64050
       78911          64063
       78907          64075
       78900          64100
       78900          64101
       78900          64101
       78900          64103
       78898          64115
       78897          64126
       78894          64150
       78894          64163
       78895          64175
       78895          64200
       78895          64213
       78895          64225
       78894          64250
       78892          64263
       78889          64275
       78885          64300
       78880          64313
       78875          64325
       78866          64350
       78862          64356
       78858          64363
       78850          64375
       78846          64381
       78843          64388
       78836          64400
       78827          64413
       78819          64425
       78804          64450
       78803          64452
       78802          64453
       78800          64457
       78795          64467
       78790          64478
       78781          64500
       78777          64513
       78774          64525
       78768          64550
       78768          64563
       78768          64575
       78768          64600
       78770          64613
       78772          64625
       78775          64650
       78777          64663
       78780          64675
       78784          64700
       78787          64713
       78789          64725
       78794          64750
       78795          64760
       78797          64769
       78800          64788
       78801          64791
       78801          64794
       78802          64800
       78804          64813
       78807          64825
       78812          64850
       78815          64863
       78818          64875
       78824          64900
       78828          64913
       78832          64925
       78840          64950
       78843          64956
       78845          64962
       78850          64974
       78853          64981
       78856          64987
       78862          65000
       78869          65013
       78876          65025
       78890          65050
       78892          65054
       78895          65059
       78900          65068
       78905          65076
       78911          65084
       78922          65100
       78929          65111
       78936          65121
       78950          65142
       78952          65144
       78953          65146
       78957          65150
       78966          65163
       78975          65175
       78995          65200
       78996          65202
       78997          65204
       79000          65209
       79008          65219
       79016          65229
       79031          65250
       79036          65263
       79041          65275
       79049          65300
       79049          65308
       79050          65316
       79050          65332
       79050          65336
       79050          65341
       79050          65350
       79050          65351
       79050          65352
       79050          65354
       79049          65366
       79048          65377
       79046          65400
       79046          65413
       79045          65425
       79044          65450
       79045          65463
       79046          65475
       79048          65500
       79049          65503
       79049          65506
       79050          65512
       79051          65522
       79053          65531
       79056          65550
       79059          65563
       79061          65575
       79067          65600
       79071          65613
       79075          65625
       79082          65650
       79086          65663
       79091          65675
       79100          65700
       79100          65700
       79100          65700
       79100          65700
       79104          65713
       79108          65725
       79117          65750
       79122          65763
       79127          65775
       79138          65800
       79141          65807
       79144          65813
       79150          65827
       79152          65833
       79155          65838
       79160          65850
       79166          65863
       79171          65875
       79183          65900
       79187          65908
       79191          65916
       79200          65932
       79202          65937
       79204          65941
       79208          65950
       79213          65963
       79219          65975
       79229          66000
       79233          66013
       79236          66025
       79244          66050
       79245          66063
       79246          66075
       79249          66100
       79247          66113
       79244          66125
       79240          66150
       79234          66163
       79228          66175
       79213          66200
       79210          66204
       79207          66208
       79200          66216
       79192          66225
       79185          66233
       79168          66250
       79164          66256
       79159          66261
       79150          66273
       79145          66279
       79141          66286
       79132          66300
       79130          66313
       79128          66325
       79124          66350
       79126          66363
       79128          66375
       79132          66400
       79134          66413
       79137          66425
       79143          66450
       79144          66463
       79145          66475
       79147          66500
       79144          66513
       79141          66525
       79135          66550
       79131          66563
       79127          66575
       79119          66600
       79115          66613
       79112          66625
       79106          66650
       79105          66663
       79104          66675
       79103          66700
       79105          66713
       79107          66725
       79111          66750
       79116          66763
       79121          66775
       79130          66800
       79135          66809
       79140          66817
       79150          66834
       79153          66838
       79156          66842
       79161          66850
       79171          66861
       79181          66872
       79200          66895
       79201          66896
       79203          66897
       79206          66900
       79217          66910
       79228          66920
       79250          66941
       79252          66943
       79255          66945
       79260          66950
       79270          66959
       79280          66968
       79300          66988
       79303          66991
       79306          66994
       79312          67000
       79322          67010
       79332          67021
       79350          67041
       79352          67044
       79354          67046
       79357          67050
       79368          67063
       79378          67075
       79398          67100
       79399          67101
       79399          67101
       79400          67103
       79410          67114
       79419          67126
       79438          67150
       79441          67154
       79444          67158
       79450          67165
       79457          67174
       79465          67183
       79479          67200
       79485          67206
       79490          67212
       79500          67225
       79506          67231
       79511          67237
       79523          67250
       79530          67258
       79536          67266
       79550          67281
       79555          67286
       79559          67291
       79569          67300
       79576          67309
       79584          67317
       79600          67335
       79604          67339
       79608          67342
       79615          67350
       79624          67359
       79633          67368
       79650          67387
       79653          67390
       79657          67393
       79664          67400
       79673          67409
       79682          67418
       79700          67436
       79704          67440
       79707          67443
       79715          67450
       79724          67458
       79732          67467
       79750          67483
       79755          67488
       79760          67492
       79769          67500
       79777          67507
       79785          67514
       79800          67528
       79807          67533
       79814          67539
       79827          67550
       79833          67555
       79839          67560
       79850          67569
       79860          67577
       79869          67585
       79888          67600
       79891          67602
       79894          67605
       79900          67610
       79913          67620
       79925          67629
       79950          67650
       79950          67650
       79950          67650
       79950          67650
       79963          67660
       79973          67667
       79995          67669
       80025          67672
       80055          67675
       80085          67678
       80115          67681
       80145          67684
       80175          67687
       80204          67690
       80234          67693
       80264          67696
       80294          67699
       80324          67701
       80354          67704
       80384          67707
       80413          67710
       80443          67713
       80473          67716
       80503          67719
       80533          67722
       80563          67725
       80593          67728
       80622          67731
       80652          67733
       80682          67736
       80712          67739
       80723          67740
1982;   8;  0;  -2790.00
       80967          67750
       80965          67738
       80962          67725
       80957          67700
       80955          67693
       80953          67686
       80950          67672
       80949          67666
       80947          67661
       80945          67650
       80942          67638
       80938          67625
       80932          67600
       80928          67588
       80925          67575
       80918          67550
       80913          67538
       80909          67525
       80901          67500
       80901          67499
       80901          67498
       80900          67497
       80896          67485
       80891          67473
       80883          67450
       80877          67438
       80872          67425
       80861          67400
       80858          67395
       80856          67389
       80850          67378
       80846          67371
       80843          67364
       80835          67350
       80828          67338
       80821          67325
       80805          67300
       80804          67298
       80803          67296
       80800          67293
       80792          67282
       80784          67271
       80767          67250
       80763          67244
       80759          67239
       80750          67227
       80744          67220
       80739          67214
       80728          67200
       80721          67192
       80714          67183
       80700          67166
       80696          67162
       80693          67158
       80685          67150
       80677          67140
       80668          67131
       80650          67112
       80647          67109
       80644          67106
       80638          67100
       80629          67090
       80619          67079
       80600          67059
       80598          67056
       80596          67054
       80592          67050
       80582          67038
       80572          67025
       80553          67000
       80552          66999
       80551          66998
       80550          66995
       80543          66984
       80536          66973
       80523          66950
       80518          66938
       80512          66925
       80502          66900
       80501          66899
       80501          66897
       80500          66894
       80497          66883
       80494          66872
       80488          66850
       80486          66838
       80484          66825
       80479          66800
       80478          66788
       80476          66775
       80472          66750
       80470          66738
       80468          66725
       80463          66700
       80460          66692
       80457          66683
       80450          66667
       80448          66662
       80446          66658
       80442          66650
       80432          66639
       80421          66630
       80400          66616
       80392          66612
       80383          66607
       80366          66600
       80362          66599
       80358          66597
       80350          66594
       80338          66590
       80325          66586
       80300          66579
       80288          66575
       80275          66572
       80250          66567
       80238          66565
       80225          66563
       80200          66559
       80188          66558
       80175          66558
       80150          66556
       80138          66556
       80125          66556
       80100          66557
       80088          66558
       80075          66559
       80050          66561
       80038          66561
       80025          66562
       80000          66564
       79988          66561
       79975          66558
       79950          66551
       79950          66551
       79949          66551
       79949          66550
       79936          66538
       79924          66525
       79904          66500
       79903          66499
       79902          66498
       79900          66496
       79893          66484
       79887          66473
       79874          66450
       79868          66441
       79862          66432
       79850          66413
       79848          66410
       79846          66407
       79842          66400
       79833          66388
       79824          66375
       79806          66350
       79804          66348
       79803          66346
       79800          66342
       79792          66332
       79783          66321
       79767          66300
       79763          66294
       79758          66289
       79750          66277
       79744          66271
       79738          66264
       79726          66250
       79719          66242
       79713          66234
       79700          66217
       79696          66213
       79692          66209
       79685          66200
       79676          66188
       79667          66177
       79650          66154
       79649          66153
       79648          66152
       79646          66150
       79638          66138
       79629          66125
       79611          66100
       79608          66095
       79605          66090
       79600          66080
       79596          66072
       79592          66065
       79583          66050
       79579          66038
       79574          66025
       79564          66000
       79561          65988
       79559          65975
       79553          65950
       79553          65938
       79553          65925
       79553          65900
       79554          65888
       79556          65875
       79559          65850
       79560          65838
       79562          65825
       79566          65800
       79567          65788
       79567          65775
       79568          65750
       79564          65738
       79560          65725
       79551          65700
       79551          65700
       79550          65699
       79550          65699
       79543          65687
       79536          65674
       79521          65650
       79516          65643
       79510          65637
       79500          65624
       79496          65618
       79492          65612
       79485          65600
       79477          65588
       79469          65575
       79455          65550
       79453          65548
       79452          65546
       79450          65541
       79446          65531
       79442          65521
       79433          65500
       79430          65488
       79426          65475
       79420          65450
       79418          65438
       79415          65425
       79411          65400
       79410          65388
       79409          65375
       79406          65350
       79405          65338
       79404          65325
       79401          65300
       79401          65297
       79401          65293
       79400          65287
       79399          65278
       79398          65268
       79397          65250
       79395          65238
       79393          65225
       79390          65200
       79387          65188
       79385          65175
       79379          65150
       79375          65138
       79371          65125
       79362          65100
       79359          65093
       79356          65086
       79350          65072
       79348          65067
       79345          65061
       79340          65050
       79334          65038
       79327          65025
       79312          65000
       79309          64995
       79306          64990
       79300          64980
       79295          64972
       79290          64965
       79280          64950
       79273          64938
       79266          64927
       79250          64904
       79249          64903
       79249          64902
       79247          64900
       79241          64888
       79234          64875
       79219          64850
       79215          64839
       79210          64827
       79200          64805
       79199          64804
       79199          64802
       79198          64800
       79195          64788
       79193          64775
       79187          64750
       79188          64738
       79188          64725
       79189          64700
       79192          64689
       79195          64678
       79200          64656
       79200          64654
       79201          64653
       79202          64650
       79207          64638
       79212          64625
       79221          64600
       79227          64588
       79232          64575
       79242          64550
       79244          64545
       79246          64540
       79250          64529
       79253          64522
       79256          64515
       79261          64500
       79265          64488
       79270          64475
       79277          64450
       79281          64438
       79285          64425
       79292          64400
       79294          64393
       79296          64386
       79300          64371
       79302          64366
       79303          64361
       79306          64350
       79311          64338
       79315          64325
       79323          64300
       79328          64288
       79333          64275
       79342          64250
       79344          64245
       79346          64241
       79350          64231
       79353          64224
       79357          64216
       79363          64200
       79369          64188
       79374          64175
       79385          64150
       79389          64142
       79393          64134
       79400          64119
       79402          64114
       79404          64109
       79408          64100
       79414          64088
       79420          64075
       79432          64050
       79436          64040
       79441          64030
       79450          64010
       79451          64008
       79452          64005
       79455          64000
       79460          63988
       79466          63975
       79477          63950
       79483          63938
       79489          63925
       79500          63901
       79500          63901
       79500          63900
       79500          63900
       79506          63888
       79512          63875
       79524          63850
       79531          63838
       79537          63826
       79550          63803
       79550          63802
       79551          63801
       79552          63800
       79559          63788
       79567          63775
       79583          63750
       79587          63744
       79591          63738
       79600          63726
       79605          63720
       79610          63713
       79619          63700
       79627          63691
       79634          63681
       79650          63663
       79653          63660
       79655          63656
       79661          63650
       79670          63639
       79680          63628
       79700          63606
       79701          63604
       79703          63603
       79705          63600
       79716          63588
       79727          63575
       79750          63550
       79750          63550
       79750          63550
       79750          63550
       79760          63538
       79770          63525
       79789          63500
       79792          63493
       79795          63487
       79800          63473
       79802          63468
       79804          63462
       79808          63450
       79810          63438
       79811          63425
       79814          63400
       79819          63388
       79824          63375
       79833          63350
       79837          63346
       79841          63343
       79850          63337
       79863          63330
       79875          63325
       79900          63318
       79913          63321
       79925          63324
       79950          63330
       79963          63330
       79975          63330
       80000          63330
       80012          63325
       80024          63319
       80048          63300
       80048          63299
       80049          63298
       80050          63296
       80056          63284
       80062          63273
       80072          63250
       80073          63238
       80074          63225
       80077          63200
       80076          63188
       80075          63175
       80072          63150
       80070          63138
       80067          63125
       80061          63100
       80059          63091
       80056          63082
       80050          63064
       80049          63060
       80047          63057
       80045          63050
       80041          63038
       80037          63025
       80028          63000
       80025          62988
       80023          62975
       80018          62950
       80018          62938
       80018          62925
       80018          62900
       80021          62888
       80023          62875
       80027          62850
       80031          62838
       80035          62825
       80042          62800
       80044          62794
       80046          62789
       80050          62777
       80052          62770
       80055          62764
       80059          62750
       80064          62738
       80068          62725
       80077          62700
       80081          62688
       80085          62675
       80094          62650
       80095          62645
       80097          62640
       80100          62630
       80102          62622
       80105          62615
       80110          62600
       80114          62588
       80117          62575
       80125          62550
       80129          62538
       80132          62525
       80140          62500
       80142          62491
       80145          62482
       80150          62463
       80151          62460
       80152          62457
       80154          62450
       80158          62438
       80161          62425
       80169          62400
       80172          62388
       80176          62375
       80183          62350
       80186          62338
       80190          62325
       80197          62300
       80198          62297
       80198          62294
       80200          62288
       80203          62279
       80206          62269
       80212          62250
       80216          62238
       80220          62225
       80227          62200
       80231          62188
       80235          62175
       80243          62150
       80245          62144
       80246          62139
       80250          62128
       80253          62121
       80255          62114
       80261          62100
       80266          62088
       80271          62075
       80283          62050
       80287          62041
       80291          62032
       80300          62015
       80302          62011
       80304          62007
       80308          62000
       80316          61988
       80324          61975
       80339          61950
       80342          61945
       80344          61940
       80350          61930
       80355          61923
       80359          61915
       80368          61900
       80374          61888
       80380          61875
       80391          61850
       80393          61842
       80396          61834
       80400          61818
       80401          61813
       80403          61809
       80405          61800
       80407          61788
       80408          61775
       80412          61750
       80414          61738
       80417          61725
       80423          61700
       80428          61691
       80435          61682
       80450          61663
       80454          61660
       80459          61656
       80467          61650
       80476          61647
       80484          61644
       80500          61639
       80513          61633
       80525          61627
       80550          61618
       80558          61613
       80565          61609
       80580          61600
       80585          61598
       80590          61596
       80600          61592
       80613          61585
       80625          61579
       80650          61566
       80657          61562
       80663          61558
       80677          61550
       80683          61547
       80688          61545
       80700          61540
       80713          61533
       80725          61527
       80750          61513
       80755          61510
       80760          61507
       80769          61500
       80777          61496
       80785          61491
       80800          61482
       80810          61475
       80819          61467
       80838          61450
       80841          61448
       80844          61445
       80850          61440
       80860          61430
       80869          61420
       80885          61400
       80889          61394
       80893          61389
       80900          61378
       80904          61371
       80908          61364
       80916          61350
       80921          61338
       80926          61325
       80935          61300
       80938          61288
       80940          61275
       80945          61250
       80945          61238
       80946          61225
       80947          61200
       80946          61188
       80944          61175
       80941          61150
       80936          61138
       80931          61125
       80920          61100
       80916          61094
       80911          61087
       80900          61075
       80896          61068
       80893          61062
       80885          61050
       80877          61038
       80869          61025
       80850          61000
       80850          61000
       80850          61000
       80850          61000
       80847          60988
       80843          60975
       80835          60950
       80833          60938
       80830          60925
       80825          60900
       80823          60888
       80821          60875
       80817          60850
       80815          60838
       80814          60825
       80811          60800
       80811          60788
       80810          60775
       80809          60750
       80811          60738
       80812          60725
       80815          60700
       80819          60688
       80823          60675
       80831          60650
       80836          60641
       80840          60633
       80850          60616
       80853          60612
       80856          60608
       80861          60600
       80870          60590
       80880          60580
       80900          60560
       80904          60558
       80907          60555
       80914          60550
       80923          60544
       80932          60539
       80950          60528
       80963          60522
       80975          60517
       81000          60505
       81004          60504
       81008          60503
       81016          60500
       81024          60497
       81033          60494
       81050          60487
       81063          60483
       81075          60480
       81100          60471
       81113          60468
       81125          60465
       81150          60458
       81163          60457
       81175          60455
       81200          60450
       81201          60450
       81202          60450
       81204          60450
       81216          60450
       81227          60449
       81250          60448
       81255          60448
       81260          60449
       81271          60450
       81278          60451
       81285          60452
       81300          60453
       81313          60455
       81325          60458
       81350          60463
       81363          60466
       81375          60468
       81400          60474
       81413          60478
       81425          60481
       81450          60488
       81459          60491
       81467          60494
       81485          60500
       81489          60501
       81492          60503
       81500          60505
       81513          60511
       81525          60515
       81550          60525
       81563          60528
       81575          60531
       81600          60537
       81613          60535
       81625          60534
       81650          60531
       81663          60523
       81675          60515
       81700          60501
       81700          60501
       81700          60501
       81701          60500
       81705          60488
       81710          60475
       81719          60450
       81719          60438
       81720          60425
       81721          60400
       81720          60388
       81718          60375
       81715          60350
       81713          60338
       81710          60325
       81706          60300
       81704          60295
       81703          60290
       81700          60280
       81697          60273
       81694          60265
       81688          60250
       81682          60238
       81676          60225
       81664          60200
       81661          60194
       81657          60189
       81650          60178
       81645          60171
       81641          60164
       81634          60150
       81626          60138
       81619          60125
       81607          60100
       81605          60096
       81604          60093
       81600          60085
       81596          60076
       81592          60068
       81585          60050
       81580          60038
       81574          60025
       81566          60000
       81561          59991
       81557          59982
       81550          59964
       81548          59960
       81546          59957
       81542          59950
       81532          59938
       81522          59925
       81504          59900
       81503          59899
       81502          59898
       81500          59896
       81488          59890
       81475          59885
       81450          59873
       81438          59873
       81425          59872
       81400          59872
       81388          59876
       81375          59880
       81350          59890
       81345          59892
       81340          59895
       81329          59900
       81322          59904
       81315          59908
       81300          59917
       81288          59922
       81275          59928
       81250          59938
       81238          59941
       81226          59944
       81202          59950
       81202          59950
       81201          59950
       81200          59950
       81188          59951
       81175          59951
       81150          59952
       81148          59951
       81146          59951
       81142          59950
       81131          59948
       81121          59946
       81100          59942
       81088          59937
       81075          59932
       81050          59923
       81040          59917
       81031          59911
       81011          59900
       81009          59898
       81006          59896
       81000          59893
       80990          59882
       80979          59871
       80958          59850
       80956          59848
       80954          59846
       80950          59841
       80945          59831
       80940          59821
       80929          59800
       80926          59788
       80923          59775
       80916          59750
       80917          59738
       80918          59725
       80920          59700
       80926          59688
       80933          59675
       80945          59650
       80947          59649
       80948          59648
       80950          59645
       80963          59639
       80975          59632
       81000          59617
       81013          59614
       81025          59611
       81050          59605
       81063          59604
       81075          59603
       81100          59602
       81113          59602
       81125          59602
       81150          59601
       81154          59601
       81157          59601
       81164          59600
       81173          59599
       81182          59599
       81200          59597
       81213          59595
       81225          59593
       81250          59588
       81263          59583
       81275          59578
       81300          59567
       81306          59563
       81311          59559
       81323          59550
       81330          59545
       81336          59539
       81350          59528
       81356          59521
       81361          59514
       81371          59500
       81379          59488
       81386          59475
       81398          59450
       81399          59449
       81399          59447
       81400          59445
       81403          59434
       81405          59422
       81411          59400
       81413          59388
       81415          59375
       81419          59350
       81421          59338
       81423          59325
       81427          59300
       81430          59288
       81433          59275
       81439          59250
       81442          59241
       81444          59232
       81450          59215
       81451          59211
       81452          59207
       81454          59200
       81459          59188
       81463          59175
       81472          59150
       81477          59138
       81482          59125
       81492          59100
       81494          59096
       81496          59092
       81500          59083
       81504          59075
       81507          59067
       81515          59050
       81521          59038
       81527          59025
       81540          59000
       81542          58995
       81545          58990
       81550          58980
       81554          58973
       81559          58965
       81567          58950
       81575          58938
       81583          58925
       81599          58900
       81599          58900
       81600          58899
       81600          58899
       81609          58886
       81618          58874
       81638          58850
       81641          58847
       81644          58843
       81650          58836
       81660          58827
       81669          58817
       81688          58800
       81691          58797
       81694          58795
       81700          58789
       81712          58779
       81724          58769
       81748          58750
       81748          58750
       81749          58749
       81750          58748
       81763          58736
       81775          58725
       81800          58703
       81801          58702
       81801          58701
       81803          58700
       81813          58688
       81822          58675
       81842          58650
       81844          58647
       81846          58643
       81850          58637
       81855          58627
       81859          58618
       81868          58600
       81873          58588
       81878          58575
       81888          58550
       81891          58541
       81894          58532
       81900          58513
       81901          58510
       81902          58507
       81904          58500
       81909          58488
       81913          58475
       81922          58450
       81927          58438
       81933          58425
       81944          58400
       81945          58397
       81947          58394
       81950          58388
       81955          58378
       81960          58369
       81969          58350
       81977          58338
       81984          58325
       82000          58300
       82000          58300
       82000          58300
       82000          58300
       82008          58287
       82017          58275
       82034          58250
       82038          58245
       82042          58239
       82050          58229
       82055          58222
       82061          58214
       82072          58200
       82079          58191
       82086          58182
       82100          58165
       82103          58161
       82106          58157
       82112          58150
       82121          58139
       82131          58127
       82150          58104
       82151          58103
       82152          58102
       82154          58100
       82164          58088
       82175          58075
       82163          58074
       82133          58073
       82103          58071
       82073          58069
       82043          58067
       82013          58065
       81983          58064
       81953          58062
       81924          58060
       81894          58058
       81864          58057
       81834          58055
       81804          58053
       81791          58052
       81783          58061
       81772          58072
       81750          58094
       81748          58096
       81747          58097
       81744          58100
       81733          58111
       81722          58121
       81700          58141
       81697          58143
       81695          58146
       81690          58150
       81680          58159
       81670          58167
       81650          58184
       81645          58188
       81639          58192
       81629          58200
       81622          58206
       81614          58212
       81600          58223
       81590          58230
       81580          58237
       81561          58250
       81558          58252
       81555          58254
       81550          58258
       81538          58267
       81525          58275
       81500          58291
       81497          58293
       81493          58296
       81487          58300
       81477          58307
       81468          58313
       81450          58325
       81442          58332
       81434          58338
       81418          58350
       81413          58354
       81409          58358
       81400          58365
       81392          58374
       81385          58383
       81369          58400
       81364          58407
       81360          58414
       81350          58427
       81347          58433
       81344          58439
       81339          58450
       81335          58463
       81331          58475
       81324          58500
       81323          58513
       81322          58525
       81320          58550
       81321          58563
       81321          58575
       81323          58600
       81325          58613
       81327          58625
       81332          58650
       81334          58663
       81337          58675
       81342          58700
       81344          58712
       81346          58724
       81350          58748
       81350          58749
       81350          58749
       81350          58750
       81351          58763
       81352          58775
       81354          58800
       81353          58813
       81352          58825
       81351          58850
       81351          58851
       81350          58851
       81350          58853
       81347          58865
       81344          58876
       81337          58900
       81332          58913
       81326          58925
       81315          58950
       81311          58957
       81307          58963
       81300          58976
       81296          58982
       81292          58988
       81283          59000
       81275          59011
       81266          59021
       81250          59042
       81248          59044
       81246          59046
       81243          59050
       81232          59061
       81221          59073
       81200          59095
       81199          59096
       81198          59098
       81195          59100
       81184          59111
       81173          59122
       81150          59144
       81149          59145
       81147          59147
       81144          59150
       81133          59161
       81122          59172
       81100          59193
       81098          59195
       81097          59196
       81093          59200
       81083          59211
       81072          59222
       81050          59245
       81049          59246
       81048          59247
       81045          59250
       81035          59263
       81024          59275
       81001          59300
       81001          59300
       81001          59301
       81000          59301
       80990          59314
       80981          59326
       80961          59350
       80958          59353
       80956          59356
       80950          59362
       80943          59372
       80936          59381
       80921          59400
       80916          59406
       80911          59412
       80900          59424
       80895          59430
       80890          59437
       80881          59450
       80873          59459
       80865          59467
       80850          59485
       80847          59489
       80845          59492
       80839          59500
       80829          59513
       80820          59525
       80802          59550
       80801          59551
       80801          59551
       80800          59553
       80793          59564
       80786          59576
       80773          59600
       80768          59613
       80762          59625
       80752          59650
       80751          59652
       80751          59653
       80750          59657
       80747          59668
       80745          59678
       80740          59700
       80739          59713
       80737          59725
       80734          59750
       80734          59763
       80734          59775
       80734          59800
       80735          59813
       80735          59825
       80737          59850
       80738          59863
       80739          59875
       80742          59900
       80744          59912
       80746          59925
       80750          59950
       80750          59950
       80750          59950
       80750          59950
       80753          59963
       80755          59975
       80761          60000
       80764          60013
       80767          60025
       80774          60050
       80778          60063
       80781          60075
       80789          60100
       80792          60109
       80794          60118
       80800          60135
       80801          60139
       80803          60143
       80806          60150
       80809          60163
       80812          60175
       80819          60200
       80820          60213
       80821          60225
       80822          60250
       80818          60263
       80814          60275
       80806          60300
       80804          60302
       80803          60304
       80800          60309
       80794          60319
       80788          60329
       80776          60350
       80769          60359
       80762          60369
       80750          60388
       80748          60391
       80747          60394
       80743          60400
       80735          60413
       80728          60425
       80715          60450
       80711          60457
       80707          60464
       80700          60478
       80697          60483
       80694          60489
       80689          60500
       80682          60513
       80676          60525
       80663          60550
       80660          60560
       80656          60570
       80650          60590
       80649          60592
       80648          60595
       80647          60600
       80644          60613
       80642          60625
       80638          60650
       80637          60663
       80636          60675
       80634          60700
       80635          60713
       80636          60725
       80637          60750
       80640          60763
       80643          60775
       80649          60800
       80650          60800
       80650          60801
       80650          60801
       80655          60813
       80660          60826
       80670          60850
       80678          60862
       80685          60874
       80700          60898
       80700          60898
       80700          60899
       80701          60900
       80709          60913
       80716          60925
       80730          60950
       80735          60958
       80740          60966
       80750          60982
       80752          60987
       80754          60991
       80758          61000
       80765          61013
       80772          61025
       80785          61050
       80789          61057
       80792          61065
       80800          61079
       80803          61084
       80806          61090
       80811          61100
       80815          61113
       80819          61125
       80827          61150
       80827          61163
       80827          61175
       80828          61200
       80825          61213
       80822          61225
       80815          61250
       80811          61257
       80808          61263
       80800          61276
       80796          61282
       80791          61288
       80780          61300
       80773          61307
       80765          61314
       80750          61326
       80738          61332
       80725          61337
       80700          61348
       80697          61348
       80694          61349
       80688          61350
       80678          61352
       80669          61354
       80650          61358
       80638          61358
       80625          61359
       80600          61360
       80588          61360
       80575          61359
       80550          61358
       80538          61356
       80525          61355
       80500          61352
       80497          61351
       80493          61351
       80486          61350
       80477          61349
       80468          61348
       80450          61346
       80438          61346
       80425          61345
       80400          61345
       80393          61346
       80386          61347
       80373          61350
       80367          61351
       80361          61352
       80350          61354
       80338          61360
       80325          61366
       80300          61378
       80291          61384
       80283          61389
       80265          61400
       80261          61403
       80258          61406
       80250          61411
       80238          61421
       80225          61431
       80200          61450
       80200          61450
       80200          61450
       80199          61450
       80187          61461
       80175          61472
       80150          61493
       80148          61495
       80145          61497
       80140          61500
       80130          61509
       80120          61517
       80100          61534
       80094          61538
       80088          61542
       80076          61550
       80069          61555
       80063          61560
       80050          61569
       80038          61576
       80025          61584
       80000          61598
       79999          61598
       79998          61599
       79995          61600
       79984          61606
       79973          61612
       79950          61623
       79938          61629
       79925          61635
       79900          61647
       79899          61648
       79897          61648
       79894          61650
       79883          61657
       79872          61663
       79850          61676
       79842          61682
       79834          61688
       79819          61700
       79814          61704
       79809          61709
       79800          61718
       79794          61726
       79787          61734
       79775          61750
       79769          61762
       79762          61773
       79750          61796
       79750          61797
       79749          61798
       79749          61800
       79746          61813
       79743          61825
       79738          61850
       79738          61863
       79738          61875
       79737          61900
       79739          61913
       79740          61925
       79744          61950
       79746          61956
       79747          61961
       79750          61973
       79752          61979
       79754          61986
       79759          62000
       79763          62013
       79768          62025
       79778          62050
       79783          62063
       79788          62075
       79798          62100
       79799          62101
       79799          62102
       79800          62105
       79805          62116
       79809          62127
       79818          62150
       79822          62163
       79826          62175
       79833          62200
       79836          62213
       79839          62225
       79845          62250
       79846          62257
       79847          62264
       79850          62279
       79851          62284
       79852          62289
       79854          62300
       79856          62313
       79857          62325
       79860          62350
       79861          62363
       79862          62375
       79864          62400
       79864          62413
       79864          62425
       79864          62450
       79863          62463
       79862          62475
       79861          62500
       79859          62513
       79857          62525
       79854          62550
       79853          62554
       79852          62558
       79850          62567
       79848          62575
       79846          62583
       79842          62600
       79838          62613
       79833          62625
       79824          62650
       79819          62663
       79813          62675
       79801          62700
       79801          62701
       79801          62701
       79800          62702
       79793          62714
       79787          62726
       79773          62750
       79767          62759
       79762          62769
       79750          62788
       79748          62791
       79746          62794
       79742          62800
       79734          62813
       79726          62825
       79710          62850
       79708          62855
       79705          62859
       79700          62868
       79695          62876
       79690          62884
       79679          62900
       79673          62913
       79666          62925
       79651          62950
       79651          62951
       79651          62951
       79650          62953
       79644          62964
       79638          62976
       79626          63000
       79621          63013
       79615          63025
       79604          63050
       79603          63052
       79602          63055
       79600          63060
       79596          63070
       79592          63080
       79584          63100
       79579          63113
       79574          63125
       79563          63150
       79560          63158
       79557          63165
       79550          63181
       79548          63185
       79546          63190
       79542          63200
       79537          63213
       79532          63225
       79521          63250
       79516          63263
       79510          63275
       79500          63300
       79500          63300
       79500          63300
       79500          63300
       79494          63313
       79488          63325
       79477          63350
       79470          63363
       79464          63375
       79451          63400
       79451          63400
       79451          63401
       79450          63402
       79443          63414
       79436          63426
       79422          63450
       79416          63459
       79411          63467
       79400          63485
       79398          63489
       79395          63492
       79391          63500
       79383          63513
       79375          63525
       79360          63550
       79357          63554
       79355          63558
       79350          63565
       79345          63574
       79340          63583
       79329          63600
       79322          63613
       79315          63625
       79301          63650
       79300          63650
       79300          63651
       79300          63651
       79294          63663
       79287          63676
       79275          63700
       79269          63713
       79263          63725
       79251          63750
       79251          63751
       79251          63751
       79250          63752
       79245          63764
       79240          63776
       79230          63800
       79225          63813
       79219          63825
       79209          63850
       79207          63855
       79204          63860
       79200          63870
       79197          63877
       79194          63885
       79188          63900
       79183          63913
       79178          63925
       79168          63950
       79163          63961
       79159          63972
       79150          63994
       79149          63995
       79149          63997
       79148          64000
       79143          64013
       79139          64025
       79131          64050
       79127          64063
       79123          64075
       79115          64100
       79111          64113
       79108          64125
       79101          64150
       79101          64151
       79100          64152
       79100          64154
       79097          64165
       79095          64177
       79090          64200
       79088          64213
       79085          64225
       79081          64250
       79078          64263
       79075          64275
       79070          64300
       79067          64313
       79063          64325
       79056          64350
       79055          64354
       79053          64358
       79050          64366
       79047          64374
       79043          64383
       79036          64400
       79030          64413
       79024          64425
       79009          64450
       79007          64454
       79005          64458
       79000          64465
       78995          64474
       78989          64483
       78977          64500
       78971          64511
       78964          64522
       78950          64545
       78949          64546
       78949          64547
       78947          64550
       78942          64563
       78937          64575
       78928          64600
       78926          64613
       78924          64625
       78920          64650
       78920          64663
       78920          64675
       78921          64700
       78922          64713
       78923          64725
       78926          64750
       78929          64763
       78931          64775
       78936          64800
       78939          64812
       78943          64824
       78950          64848
       78950          64849
       78950          64849
       78951          64850
       78957          64863
       78963          64875
       78976          64900
       78982          64909
       78988          64919
       79000          64937
       79003          64940
       79005          64944
       79010          64950
       79020          64961
       79030          64971
       79050          64992
       79052          64994
       79054          64996
       79058          65000
       79069          65009
       79079          65018
       79100          65035
       79104          65039
       79109          65043
       79117          65050
       79125          65057
       79134          65064
       79150          65078
       79156          65083
       79161          65089
       79172          65100
       79179          65108
       79186          65116
       79200          65132
       79203          65137
       79206          65141
       79212          65150
       79218          65163
       79224          65175
       79235          65200
       79238          65213
       79241          65225
       79246          65250
       79247          65263
       79247          65275
       79248          65300
       79246          65313
       79244          65325
       79241          65350
       79238          65363
       79235          65375
       79228          65400
       79226          65413
       79224          65425
       79219          65450
       79221          65463
       79222          65475
       79225          65500
       79229          65513
       79232          65525
       79239          65550
       79242          65558
       79245          65565
       79250          65580
       79252          65585
       79254          65590
       79257          65600
       79262          65613
       79267          65625
       79277          65650
       79282          65663
       79287          65675
       79297          65700
       79298          65702
       79299          65704
       79300          65708
       79304          65718
       79308          65729
       79316          65750
       79320          65763
       79323          65775
       79329          65800
       79332          65813
       79334          65825
       79339          65850
       79342          65863
       79344          65875
       79348          65900
       79349          65902
       79349          65904
       79350          65908
       79352          65919
       79355          65929
       79359          65950
       79362          65963
       79365          65975
       79371          66000
       79374          66013
       79376          66025
       79382          66050
       79385          66063
       79387          66075
       79392          66100
       79394          66111
       79396          66122
       79400          66144
       79400          66145
       79401          66147
       79401          66150
       79404          66163
       79407          66175
       79414          66200
       79418          66213
       79423          66225
       79435          66250
       79438          66256
       79442          66261
       79450          66272
       79457          66280
       79465          66287
       79480          66300
       79485          66304
       79490          66307
       79500          66313
       79513          66321
       79525          66327
       79550          66339
       79555          66341
       79560          66344
       79570          66350
       79577          66355
       79585          66359
       79600          66367
       79613          66376
       79625          66385
       79650          66400
       79650          66400
       79650          66400
       79650          66400
       79662          66413
       79674          66425
       79699          66450
       79700          66450
       79700          66451
       79700          66451
       79705          66463
       79711          66476
       79723          66500
       79723          66513
       79724          66525
       79725          66550
       79721          66563
       79717          66575
       79706          66600
       79704          66602
       79703          66604
       79700          66609
       79689          66620
       79679          66630
       79658          66650
       79656          66652
       79654          66654
       79650          66657
       79638          66667
       79625          66676
       79600          66696
       79598          66697
       79597          66698
       79594          66700
       79582          66712
       79570          66725
       79550          66750
       79550          66750
       79550          66750
       79550          66750
       79546          66763
       79542          66775
       79535          66800
       79537          66813
       79538          66825
       79541          66850
       79543          66856
       79546          66862
       79550          66874
       79553          66881
       79555          66887
       79560          66900
       79568          66913
       79576          66925
       79591          66950
       79594          66953
       79596          66955
       79600          66960
       79610          66970
       79619          66980
       79638          67000
       79641          67003
       79644          67005
       79650          67010
       79663          67019
       79675          67028
       79700          67046
       79702          67047
       79704          67048
       79707          67050
       79718          67055
       79729          67061
       79750          67072
       79763          67076
       79775          67081
       79800          67090
       79809          67093
       79818          67095
       79837          67100
       79840          67101
       79843          67102
       79850          67104
       79863          67106
       79875          67108
       79900          67112
       79913          67114
       79925          67115
       79950          67119
       79963          67121
       79975          67122
       80000          67126
       80013          67128
       80025          67130
       80050          67135
       80063          67137
       80075          67140
       80100          67145
       80106          67146
       80112          67147
       80123          67150
       80130          67151
       80137          67152
       80150          67155
       80163          67157
       80175          67159
       80200          67163
       80213          67165
       80225          67167
       80250          67172
       80263          67176
       80275          67179
       80300          67185
       80307          67189
       80313          67193
       80326          67200
       80332          67203
       80338          67206
       80350          67210
       80363          67218
       80375          67225
       80400          67239
       80405          67242
       80409          67244
       80418          67250
       80426          67255
       80434          67259
       80450          67267
       80463          67275
       80475          67283
       80500          67297
       80501          67298
       80502          67298
       80505          67300
       80516          67308
       80527          67315
       80550          67329
       80557          67335
       80564          67340
       80577          67350
       80583          67355
       80589          67360
       80600          67370
       80607          67378
       80614          67385
       80627          67400
       80633          67407
       80639          67414
       80650          67429
       80654          67434
       80657          67439
       80664          67450
       80670          67463
       80677          67475
       80690          67500
       80692          67507
       80695          67515
       80700          67530
       80701          67535
       80703          67540
       80706          67550
       80708          67563
       80710          67575
       80715          67600
       80716          67613
       80718          67625
       80720          67650
       80721          67663
       80721          67675
       80723          67700
       80723          67713
       80723          67725
       80723          67740
       80742          67742
       80772          67745
       80802          67748
       80831          67751
       80861          67754
       80891          67757
       80921          67760
       80951          67763
       80970          67764
30;   8;  1;  -2790.00
       81613          66334
       81625          66326
       81650          66315
       81654          66311
       81658          66307
       81666          66300
       81668          66288
       81671          66275
       81677          66250
       81672          66241
       81666          66232
       81650          66214
       81638          66213
       81625          66212
       81600          66210
       81588          66217
       81575          66225
       81550          66240
       81548          66242
       81545          66245
       81541          66250
       81537          66263
       81533          66275
       81525          66300
       81530          66308
       81536          66316
       81550          66333
       81563          66336
       81575          66338
       81600          66342
24;   8;  2;  -2790.00
       80063          65661
       80075          65657
       80100          65650
       80100          65650
       80100          65650
       80101          65650
       80101          65650
       80100          65650
       80100          65649
       80088          65642
       80075          65636
       80050          65629
       80038          65632
       80025          65635
       80000          65639
       79996          65642
       79992          65645
       79985          65650
       79988          65654
       79992          65658
       80000          65665
       80013          65665
       80025          65665
       80050          65665
36;   8;  3;  -2790.00
       80506          65654
       80511          65653
       80523          65650
       80529          65646
       80536          65641
       80550          65625
       80551          65619
       80553          65612
       80555          65600
       80553          65595
       80552          65589
       80550          65579
       80548          65572
       80546          65564
       80543          65550
       80532          65545
       80522          65539
       80500          65525
       80488          65529
       80475          65532
       80450          65538
       80444          65541
       80439          65544
       80428          65550
       80425          65563
       80423          65575
       80414          65600
       80423          65609
       80432          65618
       80450          65634
       80458          65638
       80467          65642
       80483          65650
       80488          65651
       80492          65652
       80500          65655
174;   8;  4;  -2790.00
       82163          63282
       82175          63280
       82200          63275
       82212          63270
       82225          63264
       82249          63250
       82249          63250
       82250          63250
       82250          63249
       82263          63237
       82273          63225
       82291          63200
       82294          63196
       82296          63191
       82300          63182
       82303          63174
       82307          63166
       82312          63150
       82315          63138
       82318          63125
       82322          63100
       82322          63088
       82323          63075
       82323          63050
       82321          63038
       82319          63025
       82316          63000
       82313          62988
       82310          62975
       82304          62950
       82303          62947
       82302          62944
       82300          62939
       82297          62929
       82294          62919
       82288          62900
       82283          62888
       82279          62875
       82271          62850
       82267          62838
       82263          62825
       82255          62800
       82254          62795
       82253          62790
       82250          62781
       82248          62773
       82245          62765
       82241          62750
       82237          62738
       82234          62725
       82228          62700
       82224          62688
       82221          62675
       82215          62650
       82211          62638
       82208          62625
       82200          62600
       82200          62600
       82200          62599
       82200          62599
       82195          62587
       82189          62574
       82178          62550
       82171          62539
       82164          62528
       82150          62506
       82149          62505
       82147          62503
       82145          62500
       82133          62489
       82122          62479
       82100          62460
       82096          62457
       82092          62455
       82084          62450
       82075          62446
       82067          62441
       82050          62433
       82038          62429
       82025          62424
       82000          62416
       81988          62414
       81975          62412
       81950          62407
       81938          62406
       81925          62405
       81900          62402
       81888          62403
       81875          62403
       81850          62404
       81838          62405
       81825          62407
       81800          62411
       81788          62413
       81775          62416
       81750          62424
       81738          62426
       81727          62430
       81703          62450
       81706          62463
       81707          62475
       81708          62500
       81712          62513
       81715          62525
       81720          62550
       81724          62563
       81728          62575
       81733          62600
       81737          62613
       81741          62625
       81747          62650
       81748          62652
       81749          62654
       81750          62659
       81753          62669
       81756          62679
       81762          62700
       81765          62713
       81769          62725
       81775          62750
       81778          62763
       81781          62775
       81786          62800
       81788          62813
       81790          62825
       81793          62850
       81795          62863
       81796          62875
       81799          62900
       81799          62901
       81800          62903
       81800          62905
       81802          62917
       81804          62928
       81807          62950
       81810          62963
       81813          62975
       81819          63000
       81823          63013
       81828          63025
       81837          63050
       81840          63057
       81843          63064
       81850          63078
       81853          63084
       81856          63089
       81862          63100
       81870          63113
       81879          63125
       81896          63150
       81897          63151
       81898          63152
       81900          63155
       81911          63166
       81922          63177
       81945          63200
       81946          63201
       81947          63202
       81950          63205
       81963          63214
       81975          63223
       82000          63241
       82005          63243
       82009          63245
       82018          63250
       82026          63254
       82034          63258
       82050          63266
       82063          63269
       82075          63273
       82100          63281
       82113          63282
       82125          63282
       82150          63284
198;   8;  5;  -2790.00
       80963          62599
       80975          62598
       81000          62596
       81013          62592
       81025          62589
       81050          62581
       81063          62576
       81075          62570
       81100          62558
       81103          62556
       81107          62554
       81114          62550
       81123          62543
       81132          62537
       81150          62523
       81158          62517
       81166          62511
       81182          62500
       81186          62496
       81191          62492
       81200          62484
       81211          62475
       81223          62466
       81246          62450
       81247          62449
       81248          62448
       81250          62446
       81263          62439
       81275          62431
       81300          62417
       81313          62415
       81325          62412
       81350          62408
       81363          62409
       81375          62411
       81400          62414
       81413          62416
       81425          62419
       81450          62425
       81463          62427
       81475          62430
       81500          62435
       81513          62436
       81525          62437
       81550          62439
       81563          62439
       81575          62438
       81600          62436
       81613          62434
       81625          62431
       81650          62418
       81656          62413
       81660          62409
       81665          62400
       81660          62393
       81656          62386
       81650          62371
       81649          62366
       81647          62361
       81645          62350
       81636          62338
       81627          62325
       81614          62300
       81610          62297
       81607          62293
       81600          62286
       81591          62278
       81581          62269
       81562          62250
       81559          62248
       81556          62246
       81550          62242
       81538          62237
       81525          62233
       81500          62222
       81488          62220
       81475          62218
       81450          62214
       81438          62213
       81425          62212
       81400          62210
       81390          62208
       81380          62205
       81359          62200
       81357          62200
       81355          62199
       81350          62198
       81338          62192
       81325          62186
       81300          62170
       81295          62165
       81291          62160
       81283          62150
       81274          62141
       81265          62132
       81250          62114
       81248          62110
       81245          62107
       81241          62100
       81231          62088
       81222          62075
       81205          62050
       81204          62048
       81203          62047
       81200          62044
       81191          62033
       81182          62022
       81165          62000
       81162          61996
       81158          61993
       81150          61985
       81139          61976
       81128          61967
       81107          61950
       81105          61949
       81103          61948
       81100          61946
       81088          61940
       81075          61934
       81050          61924
       81038          61921
       81025          61919
       81000          61914
       80988          61914
       80975          61913
       80950          61913
       80938          61915
       80925          61916
       80900          61920
       80888          61924
       80875          61927
       80850          61936
       80842          61939
       80834          61942
       80818          61950
       80814          61953
       80809          61956
       80800          61962
       80788          61970
       80777          61979
       80754          62000
       80753          62002
       80752          62003
       80750          62006
       80741          62017
       80733          62028
       80719          62050
       80715          62063
       80710          62075
       80703          62100
       80702          62104
       80701          62108
       80700          62117
       80698          62125
       80697          62133
       80694          62150
       80693          62163
       80692          62175
       80691          62200
       80692          62213
       80693          62225
       80694          62250
       80696          62260
       80697          62270
       80700          62291
       80700          62293
       80701          62295
       80701          62300
       80704          62313
       80707          62325
       80712          62350
       80716          62363
       80720          62375
       80728          62400
       80734          62412
       80739          62425
       80750          62449
       80750          62449
       80750          62450
       80750          62450
       80758          62463
       80766          62475
       80781          62500
       80786          62506
       80790          62511
       80800          62522
       80807          62529
       80814          62536
       80828          62550
       80833          62554
       80839          62558
       80850          62565
       80863          62571
       80875          62578
       80900          62589
       80913          62592
       80925          62594
       80950          62599
60;   8;  6;  -2790.00
       82763          60761
       82775          60761
       82800          60761
       82807          60759
       82814          60756
       82829          60750
       82834          60747
       82839          60744
       82850          60737
       82858          60728
       82866          60718
       82879          60700
       82882          60688
       82885          60675
       82891          60650
       82888          60638
       82886          60625
       82881          60600
       82873          60588
       82866          60577
       82850          60553
       82849          60553
       82848          60552
       82847          60550
       82835          60543
       82823          60536
       82800          60524
       82788          60523
       82775          60522
       82750          60520
       82738          60526
       82725          60532
       82700          60541
       82698          60543
       82696          60546
       82691          60550
       82684          60563
       82676          60575
       82657          60600
       82655          60606
       82654          60613
       82650          60625
       82649          60632
       82648          60638
       82645          60650
       82646          60657
       82647          60664
       82650          60677
       82652          60683
       82654          60689
       82658          60700
       82668          60711
       82678          60722
       82700          60743
       82704          60745
       82709          60747
       82718          60750
       82726          60753
       82734          60756
       82750          60762
3120;   9;  0;  -2785.00
       81209          67777
       81200          67754
       81200          67753
       81199          67752
       81199          67750
       81194          67738
       81189          67725
       81180          67700
       81175          67688
       81170          67675
       81161          67650
       81158          67642
       81156          67635
       81150          67620
       81148          67615
       81146          67610
       81143          67600
       81138          67588
       81134          67575
       81125          67550
       81121          67538
       81116          67525
       81107          67500
       81105          67495
       81104          67490
       81100          67481
       81097          67473
       81094          67465
       81089          67450
       81084          67438
       81079          67425
       81069          67400
       81064          67390
       81060          67380
       81050          67361
       81049          67358
       81047          67355
       81045          67350
       81037          67338
       81030          67325
       81015          67300
       81011          67295
       81007          67290
       81000          67280
       80995          67273
       80990          67265
       80979          67250
       80972          67240
       80964          67229
       80950          67209
       80949          67206
       80947          67204
       80944          67200
       80935          67188
       80926          67175
       80909          67150
       80907          67146
       80905          67142
       80900          67134
       80895          67126
       80890          67117
       80880          67100
       80874          67088
       80869          67075
       80857          67050
       80855          67044
       80854          67039
       80850          67028
       80848          67021
       80845          67014
       80840          67000
       80838          66988
       80836          66975
       80831          66950
       80832          66938
       80833          66925
       80834          66900
       80838          66891
       80842          66882
       80850          66864
       80852          66860
       80854          66857
       80857          66850
       80868          66838
       80879          66828
       80900          66811
       80905          66808
       80909          66805
       80918          66800
       80926          66796
       80934          66793
       80950          66786
       80963          66783
       80975          66780
       81000          66774
       81013          66772
       81025          66770
       81050          66767
       81063          66768
       81075          66769
       81100          66771
       81113          66776
       81125          66781
       81150          66793
       81152          66795
       81154          66797
       81157          66800
       81170          66813
       81181          66825
       81198          66850
       81199          66851
       81199          66851
       81200          66852
       81207          66864
       81213          66876
       81224          66900
       81230          66913
       81236          66925
       81247          66950
       81247          66952
       81248          66954
       81250          66957
       81256          66968
       81263          66979
       81277          67000
       81282          67007
       81288          67014
       81300          67027
       81313          67032
       81325          67037
       81350          67046
       81363          67043
       81375          67040
       81400          67035
       81413          67027
       81425          67019
       81450          67002
       81450          67001
       81451          67001
       81452          67000
       81463          66988
       81475          66975
       81497          66950
       81498          66949
       81499          66948
       81500          66946
       81507          66934
       81514          66923
       81529          66900
       81534          66888
       81539          66875
       81549          66850
       81549          66849
       81550          66848
       81550          66846
       81552          66835
       81555          66823
       81560          66800
       81561          66788
       81563          66775
       81567          66750
       81569          66738
       81571          66725
       81577          66700
       81580          66688
       81584          66675
       81591          66650
       81593          66644
       81595          66638
       81600          66625
       81602          66619
       81604          66613
       81608          66600
       81614          66588
       81620          66575
       81632          66550
       81637          66544
       81641          66539
       81650          66528
       81655          66521
       81660          66514
       81669          66500
       81677          66493
       81684          66486
       81700          66472
       81705          66466
       81710          66461
       81720          66450
       81727          66443
       81735          66436
       81750          66423
       81756          66417
       81762          66411
       81774          66400
       81781          66393
       81787          66387
       81800          66374
       81807          66368
       81813          66362
       81826          66350
       81832          66343
       81838          66336
       81850          66322
       81856          66316
       81861          66311
       81872          66300
       81879          66290
       81886          66280
       81900          66260
       81902          66258
       81905          66255
       81909          66250
       81917          66238
       81925          66225
       81940          66200
       81943          66194
       81945          66188
       81950          66177
       81953          66170
       81956          66163
       81962          66150
       81965          66138
       81968          66125
       81973          66100
       81974          66088
       81975          66075
       81977          66050
       81976          66038
       81975          66025
       81973          66000
       81971          65988
       81969          65975
       81963          65950
       81960          65940
       81957          65929
       81950          65908
       81949          65906
       81949          65904
       81947          65900
       81942          65888
       81936          65875
       81924          65850
       81918          65840
       81913          65830
       81900          65809
       81898          65807
       81897          65805
       81893          65800
       81885          65788
       81876          65775
       81855          65750
       81854          65748
       81853          65746
       81850          65743
       81841          65732
       81832          65721
       81810          65700
       81808          65697
       81805          65693
       81800          65687
       81790          65676
       81779          65667
       81758          65650
       81756          65648
       81754          65645
       81750          65641
       81738          65631
       81725          65623
       81700          65609
       81689          65607
       81679          65604
       81658          65600
       81656          65599
       81654          65599
       81650          65598
       81638          65597
       81625          65596
       81600          65594
       81588          65595
       81575          65595
       81550          65596
       81538          65597
       81525          65598
       81500          65599
       81488          65598
       81475          65598
       81450          65597
       81438          65593
       81425          65590
       81400          65584
       81388          65576
       81375          65569
       81350          65554
       81349          65553
       81348          65552
       81346          65550
       81340          65538
       81333          65525
       81318          65500
       81315          65488
       81312          65475
       81305          65450
       81305          65438
       81305          65425
       81305          65400
       81307          65388
       81309          65375
       81316          65350
       81319          65338
       81324          65325
       81339          65300
       81341          65296
       81344          65293
       81350          65285
       81363          65284
       81375          65283
       81400          65281
       81413          65283
       81425          65286
       81450          65289
       81463          65292
       81475          65294
       81500          65298
       81503          65299
       81506          65299
       81512          65300
       81521          65301
       81531          65303
       81550          65305
       81563          65307
       81575          65308
       81600          65311
       81613          65313
       81625          65315
       81650          65320
       81663          65325
       81675          65330
       81700          65342
       81703          65344
       81706          65346
       81712          65350
       81722          65355
       81731          65359
       81750          65368
       81763          65372
       81775          65376
       81800          65382
       81813          65382
       81825          65381
       81850          65380
       81863          65374
       81875          65369
       81900          65360
       81903          65357
       81906          65355
       81912          65350
       81915          65338
       81919          65325
       81925          65300
       81918          65291
       81912          65283
       81900          65265
       81896          65262
       81891          65258
       81882          65250
       81874          65247
       81866          65244
       81850          65236
       81838          65234
       81825          65230
       81800          65221
       81788          65218
       81775          65214
       81750          65201
       81750          65200
       81750          65200
       81749          65200
       81737          65195
       81725          65188
       81700          65162
       81698          65159
       81697          65156
       81694          65150
       81684          65138
       81677          65125
       81667          65100
       81662          65092
       81657          65084
       81650          65068
       81648          65064
       81646          65059
       81642          65050
       81632          65038
       81622          65025
       81607          65000
       81605          64998
       81604          64997
       81600          64993
       81588          64986
       81575          64978
       81550          64960
       81538          64958
       81525          64955
       81500          64950
       81500          64950
       81500          64950
       81500          64950
       81500          64950
       81500          64950
       81500          64950
       81487          64955
       81475          64959
       81450          64968
       81439          64976
       81428          64985
       81405          65000
       81404          65002
       81403          65004
       81400          65008
       81394          65018
       81387          65029
       81371          65050
       81367          65062
       81362          65074
       81350          65098
       81350          65099
       81350          65099
       81349          65100
       81346          65113
       81342          65125
       81330          65150
       81326          65162
       81321          65175
       81300          65200
       81300          65200
       81300          65200
       81299          65200
       81287          65207
       81275          65210
       81250          65214
       81238          65213
       81225          65212
       81200          65211
       81188          65210
       81175          65210
       81150          65208
       81138          65208
       81125          65207
       81100          65206
       81088          65206
       81075          65206
       81050          65205
       81038          65205
       81025          65205
       81000          65205
       80988          65205
       80975          65205
       80950          65206
       80938          65206
       80925          65206
       80900          65207
       80888          65208
       80875          65208
       80850          65209
       80838          65209
       80825          65210
       80800          65211
       80788          65212
       80775          65213
       80750          65214
       80738          65215
       80725          65216
       80700          65217
       80688          65218
       80675          65219
       80650          65221
       80638          65221
       80625          65222
       80600          65223
       80588          65222
       80575          65222
       80550          65222
       80538          65221
       80525          65220
       80500          65218
       80488          65216
       80475          65214
       80450          65210
       80440          65208
       80429          65205
       80408          65200
       80406          65200
       80404          65199
       80400          65198
       80388          65194
       80375          65190
       80350          65182
       80338          65177
       80325          65172
       80300          65161
       80294          65158
       80289          65156
       80277          65150
       80271          65147
       80264          65143
       80250          65136
       80238          65129
       80225          65122
       80200          65107
       80197          65105
       80194          65103
       80188          65100
       80179          65095
       80169          65089
       80150          65077
       80138          65071
       80125          65065
       80100          65052
       80098          65052
       80097          65051
       80093          65050
       80082          65046
       80072          65041
       80050          65032
       80038          65030
       80025          65027
       80000          65021
       79988          65020
       79975          65020
       79950          65019
       79938          65020
       79925          65022
       79900          65025
       79888          65028
       79875          65031
       79850          65037
       79838          65040
       79825          65043
       79800          65049
       79788          65049
       79775          65049
       79750          65050
       79738          65044
       79725          65039
       79700          65027
       79693          65020
       79687          65013
       79673          65000
       79668          64992
       79662          64984
       79650          64969
       79648          64964
       79645          64959
       79640          64950
       79637          64938
       79633          64925
       79627          64900
       79626          64888
       79626          64875
       79626          64850
       79628          64838
       79630          64825
       79633          64800
       79636          64788
       79639          64775
       79645          64750
       79646          64746
       79648          64741
       79650          64732
       79653          64724
       79655          64716
       79661          64700
       79664          64688
       79668          64675
       79674          64650
       79677          64638
       79679          64625
       79683          64600
       79684          64588
       79685          64575
       79687          64550
       79686          64538
       79686          64525
       79686          64500
       79685          64488
       79685          64475
       79683          64450
       79683          64438
       79682          64425
       79682          64400
       79682          64388
       79682          64375
       79682          64350
       79683          64338
       79685          64325
       79687          64300
       79689          64288
       79691          64275
       79695          64250
       79696          64244
       79697          64239
       79700          64227
       79702          64220
       79703          64214
       79706          64200
       79710          64188
       79713          64175
       79720          64150
       79725          64138
       79729          64125
       79737          64100
       79740          64091
       79743          64082
       79750          64064
       79751          64060
       79753          64057
       79755          64050
       79761          64038
       79766          64025
       79776          64000
       79782          63988
       79787          63975
       79798          63950
       79799          63949
       79799          63948
       79800          63946
       79806          63935
       79812          63923
       79823          63900
       79830          63888
       79837          63876
       79850          63852
       79850          63852
       79851          63851
       79851          63850
       79860          63838
       79868          63825
       79885          63800
       79889          63795
       79892          63790
       79900          63780
       79906          63773
       79912          63765
       79925          63750
       79931          63743
       79937          63736
       79950          63723
       79956          63717
       79961          63711
       79972          63700
       79979          63693
       79986          63687
       80000          63674
       80006          63668
       80012          63662
       80024          63650
       80031          63644
       80037          63638
       80050          63625
       80056          63619
       80063          63613
       80075          63600
       80081          63593
       80087          63587
       80100          63573
       80105          63568
       80110          63562
       80120          63550
       80127          63541
       80135          63531
       80150          63513
       80152          63510
       80155          63506
       80159          63500
       80168          63488
       80177          63475
       80194          63450
       80195          63447
       80197          63445
       80200          63440
       80206          63430
       80212          63420
       80223          63400
       80229          63388
       80234          63375
       80245          63350
       80246          63346
       80248          63342
       80250          63333
       80253          63325
       80255          63317
       80260          63300
       80262          63288
       80265          63275
       80269          63250
       80270          63238
       80272          63225
       80274          63200
       80275          63188
       80275          63175
       80276          63150
       80276          63138
       80277          63125
       80277          63100
       80278          63088
       80278          63075
       80280          63050
       80281          63038
       80283          63025
       80286          63000
       80289          62988
       80293          62976
       80300          62951
       80300          62951
       80300          62951
       80300          62950
       80306          62938
       80313          62925
       80326          62900
       80332          62891
       80338          62882
       80350          62864
       80353          62860
       80356          62857
       80362          62850
       80371          62840
       80380          62830
       80400          62809
       80403          62807
       80406          62804
       80411          62800
       80421          62792
       80431          62784
       80450          62770
       80461          62765
       80471          62759
       80493          62750
       80494          62749
       80496          62748
       80500          62747
       80513          62744
       80525          62741
       80550          62737
       80563          62737
       80575          62737
       80600          62737
       80613          62739
       80625          62740
       80650          62743
       80661          62745
       80673          62747
       80696          62750
       80697          62750
       80698          62750
       80700          62751
       80713          62753
       80725          62755
       80750          62758
       80763          62760
       80775          62762
       80800          62765
       80813          62766
       80825          62768
       80850          62770
       80863          62771
       80875          62772
       80900          62774
       80913          62775
       80925          62776
       80950          62777
       80963          62778
       80975          62778
       81000          62779
       81013          62779
       81025          62779
       81050          62779
       81063          62779
       81075          62778
       81100          62778
       81113          62776
       81125          62775
       81150          62773
       81163          62771
       81175          62769
       81200          62764
       81212          62761
       81225          62757
       81250          62750
       81250          62750
       81250          62750
       81250          62750
       81263          62746
       81275          62742
       81300          62734
       81313          62731
       81325          62727
       81350          62719
       81363          62717
       81375          62714
       81400          62709
       81413          62710
       81425          62710
       81450          62711
       81463          62715
       81475          62719
       81500          62728
       81507          62733
       81514          62739
       81527          62750
       81533          62758
       81539          62766
       81550          62781
       81552          62786
       81554          62791
       81559          62800
       81561          62813
       81563          62825
       81568          62850
       81568          62863
       81567          62875
       81567          62900
       81566          62913
       81565          62925
       81562          62950
       81560          62963
       81559          62975
       81555          63000
       81554          63013
       81553          63025
       81550          63050
       81550          63053
       81550          63055
       81550          63061
       81550          63070
       81549          63080
       81549          63100
       81549          63102
       81549          63104
       81550          63109
       81551          63119
       81552          63129
       81555          63150
       81559          63163
       81563          63175
       81572          63200
       81579          63212
       81586          63225
       81600          63250
       81600          63250
       81600          63250
       81600          63250
       81607          63263
       81615          63275
       81630          63300
       81635          63307
       81640          63314
       81650          63329
       81654          63334
       81657          63339
       81665          63350
       81673          63361
       81682          63372
       81700          63394
       81701          63396
       81702          63397
       81705          63400
       81715          63413
       81725          63425
       81748          63450
       81748          63451
       81749          63451
       81750          63452
       81761          63464
       81772          63476
       81796          63500
       81797          63501
       81798          63502
       81800          63503
       81813          63515
       81825          63526
       81850          63548
       81851          63548
       81851          63549
       81853          63550
       81865          63559
       81876          63568
       81900          63586
       81905          63589
       81911          63593
       81922          63600
       81929          63604
       81936          63609
       81950          63618
       81963          63624
       81975          63631
       82000          63644
       82003          63646
       82006          63647
       82012          63650
       82022          63654
       82031          63659
       82050          63667
       82063          63672
       82075          63676
       82100          63685
       82113          63689
       82125          63693
       82150          63700
       82150          63700
       82150          63700
       82151          63700
       82163          63703
       82175          63706
       82200          63711
       82213          63714
       82225          63716
       82250          63720
       82263          63722
       82275          63723
       82300          63727
       82313          63728
       82325          63729
       82350          63731
       82363          63731
       82375          63732
       82400          63732
       82413          63732
       82425          63732
       82450          63732
       82463          63731
       82475          63730
       82500          63729
       82513          63727
       82525          63726
       82550          63723
       82563          63721
       82575          63718
       82600          63714
       82613          63711
       82625          63708
       82650          63701
       82651          63701
       82652          63701
       82653          63700
       82665          63696
       82677          63692
       82700          63684
       82713          63679
       82725          63673
       82750          63662
       82756          63659
       82761          63656
       82773          63650
       82780          63646
       82786          63642
       82800          63632
       82811          63625
       82823          63617
       82845          63600
       82846          63599
       82848          63598
       82850          63595
       82862          63585
       82874          63574
       82898          63550
       82898          63549
       82899          63549
       82900          63547
       82911          63535
       82921          63524
       82941          63500
       82943          63496
       82945          63491
       82950          63483
       82956          63475
       82962          63466
       82974          63450
       82979          63438
       82985          63425
       82996          63400
       82997          63394
       82998          63388
       83000          63376
       83002          63370
       83004          63363
       83008          63350
       83007          63338
       83007          63325
       83005          63300
       83004          63297
       83003          63294
       83000          63287
       82998          63278
       82995          63269
       82990          63250
       82983          63238
       82976          63225
       82961          63200
       82958          63197
       82956          63194
       82950          63188
       82944          63179
       82938          63169
       82925          63150
       82919          63144
       82912          63138
       82900          63126
       82895          63120
       82890          63113
       82879          63100
       82872          63094
       82865          63088
       82850          63077
       82842          63070
       82835          63063
       82819          63050
       82814          63047
       82810          63045
       82800          63039
       82788          63031
       82775          63024
       82750          63010
       82746          63008
       82742          63005
       82734          63000
       82725          62996
       82717          62992
       82700          62985
       82688          62979
       82675          62973
       82650          62960
       82646          62958
       82642          62955
       82633          62950
       82625          62946
       82617          62941
       82600          62933
       82588          62925
       82575          62917
       82551          62900
       82551          62900
       82550          62900
       82550          62899
       82538          62889
       82525          62878
       82500          62855
       82499          62854
       82498          62853
       82495          62850
       82485          62838
       82476          62825
       82458          62800
       82456          62797
       82454          62794
       82450          62787
       82445          62778
       82440          62769
       82431          62750
       82426          62738
       82421          62725
       82412          62700
       82409          62690
       82406          62679
       82400          62659
       82399          62657
       82399          62654
       82398          62650
       82395          62638
       82393          62625
       82388          62600
       82387          62588
       82386          62575
       82383          62550
       82383          62538
       82383          62525
       82382          62500
       82382          62488
       82383          62475
       82384          62450
       82384          62438
       82385          62425
       82388          62400
       82390          62388
       82391          62375
       82396          62350
       82397          62343
       82398          62335
       82400          62320
       82406          62310
       82412          62305
       82423          62300
       82430          62296
       82437          62295
       82450          62293
       82454          62295
       82457          62297
       82465          62300
       82474          62302
       82482          62303
       82500          62306
       82513          62309
       82525          62313
       82550          62318
       82563          62321
       82575          62324
       82600          62329
       82613          62332
       82625          62335
       82650          62340
       82663          62342
       82675          62344
       82700          62348
       82704          62348
       82708          62349
       82717          62350
       82725          62351
       82733          62352
       82750          62355
       82763          62356
       82775          62357
       82800          62360
       82813          62361
       82825          62363
       82850          62365
       82863          62366
       82875          62366
       82900          62368
       82913          62368
       82925          62368
       82950          62368
       82963          62368
       82975          62367
       82986          62366
       82988          62343
       82989          62338
       82992          62309
       82997          62279
       82999          62268
       83005          62241
       83012          62208
       83016          62188
       83023          62158
       83029          62127
       83036          62097
       83042          62071
       83050          62040
       83057          62010
       83063          61984
       83066          61970
       83073          61941
       83078          61914
       83079          61911
       83084          61881
       83089          61852
       83089          61850
       83093          61820
       83096          61790
       83096          61784
       83098          61757
       83099          61724
       83100          61705
       83100          61674
       83101          61642
       83101          61612
       83101          61607
       83101          61576
       83100          61547
       83099          61517
       83099          61504
       83098          61475
       83098          61444
       83097          61414
       83097          61398
       83096          61368
       83095          61338
       83094          61308
       83094          61295
       83093          61266
       83092          61237
       83091          61205
       83091          61199
       83091          61168
       83091          61136
       83091          61105
       83091          61078
       83091          61059
       83091          61029
       83092          61002
       83092          60991
       83094          60961
       83096          60931
       83097          60921
       83100          60891
       83104          60861
       83106          60847
       83110          60820
       83116          60787
       83117          60781
       83122          60754
       83127          60723
       83133          60691
       83139          60662
       83143          60644
       83149          60614
       83156          60586
       83162          60557
       83166          60539
       83172          60511
       83178          60482
       83185          60451
       83186          60445
       83193          60415
       83201          60384
       83208          60354
       83214          60328
       83218          60311
       83225          60282
       83232          60256
       83234          60247
       83242          60218
       83250          60189
       83252          60181
       83261          60152
       83269          60123
       83272          60111
       83280          60085
       83290          60053
       83290          60052
       83299          60026
       83308          59996
       83318          59966
       83327          59937
       83332          59922
       83341          59893
       83351          59865
       83360          59837
       83365          59822
       83374          59794
       83383          59766
       83393          59736
       83394          59732
       83404          59703
       83413          59672
       83423          59643
       83431          59617
       83437          59599
       83445          59571
       83453          59545
       83456          59536
       83464          59507
       83472          59478
       83475          59465
       83482          59436
       83489          59406
       83492          59393
       83497          59368
       83504          59333
       83508          59307
       83514          59276
       83519          59243
       83524          59211
       83528          59185
       83531          59165
       83535          59136
       83538          59110
       83540          59093
       83542          59063
       83544          59033
       83544          59019
       83545          58989
       83544          58959
       83543          58939
       83542          58911
       83540          58877
       83539          58867
       83539          58858
       83538          58858
       83525          58859
       83500          58862
       83488          58865
       83475          58868
       83450          58875
       83438          58880
       83425          58885
       83400          58896
       83398          58897
       83397          58898
       83393          58900
       83382          58906
       83372          58913
       83350          58926
       83343          58932
       83336          58938
       83321          58950
       83316          58954
       83311          58959
       83300          58967
       83293          58975
       83285          58984
       83270          59000
       83265          59005
       83260          59011
       83250          59021
       83245          59029
       83239          59036
       83228          59050
       83221          59059
       83214          59067
       83200          59084
       83197          59088
       83194          59092
       83189          59100
       83180          59112
       83170          59124
       83150          59147
       83149          59148
       83149          59149
       83148          59150
       83138          59163
       83127          59175
       83103          59200
       83102          59201
       83101          59201
       83100          59203
       83088          59215
       83075          59227
       83050          59247
       83049          59248
       83048          59248
       83046          59250
       83035          59258
       83023          59266
       83000          59280
       82990          59285
       82980          59290
       82960          59300
       82958          59301
       82955          59302
       82950          59305
       82938          59311
       82925          59316
       82900          59327
       82888          59333
       82875          59339
       82851          59350
       82850          59350
       82850          59350
       82850          59350
       82838          59358
       82825          59366
       82800          59381
       82794          59386
       82788          59390
       82776          59400
       82770          59407
       82763          59414
       82750          59428
       82746          59433
       82742          59439
       82733          59450
       82728          59463
       82722          59475
       82711          59500
       82708          59512
       82705          59524
       82700          59548
       82700          59549
       82700          59549
       82700          59550
       82699          59563
       82699          59575
       82697          59600
       82698          59608
       82699          59616
       82700          59633
       82700          59637
       82701          59641
       82702          59650
       82704          59663
       82707          59675
       82713          59700
       82717          59713
       82721          59725
       82730          59750
       82735          59761
       82740          59773
       82750          59796
       82751          59797
       82751          59798
       82752          59800
       82758          59813
       82764          59825
       82777          59850
       82782          59863
       82788          59875
       82798          59900
       82799          59901
       82799          59903
       82800          59906
       82804          59917
       82807          59928
       82815          59950
       82818          59963
       82820          59975
       82825          60000
       82826          60013
       82827          60025
       82829          60050
       82829          60063
       82829          60075
       82828          60100
       82826          60113
       82823          60125
       82819          60150
       82814          60161
       82810          60171
       82800          60192
       82799          60194
       82799          60196
       82797          60200
       82790          60213
       82782          60225
       82765          60250
       82761          60254
       82757          60257
       82750          60264
       82743          60273
       82735          60282
       82721          60300
       82715          60305
       82710          60310
       82700          60319
       82694          60327
       82687          60334
       82675          60350
       82669          60357
       82663          60363
       82650          60377
       82645          60382
       82641          60388
       82632          60400
       82624          60409
       82616          60419
       82600          60438
       82597          60441
       82595          60444
       82590          60450
       82580          60462
       82570          60473
       82550          60497
       82549          60498
       82549          60498
       82547          60500
       82536          60513
       82524          60525
       82501          60550
       82500          60550
       82500          60550
       82500          60551
       82488          60563
       82475          60575
       82451          60600
       82451          60600
       82450          60601
       82450          60601
       82440          60613
       82430          60626
       82410          60650
       82408          60656
       82405          60662
       82400          60674
       82397          60681
       82394          60687
       82388          60700
       82386          60713
       82384          60725
       82379          60750
       82379          60763
       82379          60775
       82379          60800
       82381          60813
       82382          60825
       82385          60850
       82387          60863
       82389          60875
       82394          60900
       82396          60906
       82397          60911
       82400          60922
       82402          60929
       82404          60936
       82408          60950
       82412          60963
       82416          60975
       82425          61000
       82430          61013
       82436          61025
       82447          61050
       82448          61052
       82448          61053
       82450          61057
       82456          61068
       82461          61078
       82473          61100
       82480          61112
       82486          61124
       82500          61147
       82500          61148
       82501          61149
       82502          61150
       82510          61163
       82517          61175
       82533          61200
       82537          61207
       82542          61214
       82550          61227
       82554          61233
       82558          61239
       82565          61250
       82573          61263
       82580          61275
       82596          61300
       82597          61302
       82598          61304
       82600          61308
       82606          61319
       82612          61329
       82624          61350
       82630          61363
       82635          61375
       82647          61400
       82648          61402
       82648          61404
       82650          61409
       82654          61419
       82658          61429
       82665          61450
       82668          61463
       82671          61475
       82677          61500
       82679          61513
       82680          61525
       82683          61550
       82683          61563
       82684          61575
       82684          61600
       82683          61613
       82682          61625
       82680          61650
       82677          61663
       82675          61675
       82670          61700
       82665          61713
       82660          61725
       82651          61750
       82651          61750
       82651          61751
       82650          61752
       82644          61764
       82638          61776
       82626          61800
       82619          61810
       82613          61820
       82600          61839
       82599          61842
       82597          61845
       82594          61850
       82586          61863
       82578          61875
       82563          61900
       82560          61906
       82557          61911
       82550          61922
       82546          61929
       82543          61936
       82535          61950
       82529          61963
       82523          61975
       82511          62000
       82509          62007
       82506          62014
       82500          62029
       82498          62034
       82495          62039
       82491          62050
       82486          62063
       82482          62075
       82471          62100
       82467          62113
       82463          62125
       82452          62150
       82452          62152
       82451          62154
       82450          62158
       82446          62169
       82442          62179
       82431          62200
       82428          62213
       82424          62225
       82410          62250
       82410          62258
       82408          62266
       82400          62282
       82388          62273
       82375          62270
       82350          62267
       82338          62262
       82325          62258
       82300          62252
       82299          62252
       82297          62251
       82294          62250
       82283          62246
       82272          62243
       82250          62237
       82238          62232
       82225          62228
       82200          62220
       82188          62215
       82175          62210
       82150          62200
       82150          62200
       82150          62200
       82150          62200
       82137          62194
       82125          62189
       82100          62177
       82089          62171
       82077          62164
       82055          62150
       82054          62149
       82052          62148
       82050          62147
       82038          62138
       82025          62129
       82000          62110
       81996          62108
       81991          62105
       81983          62100
       81975          62095
       81966          62091
       81950          62081
       81938          62076
       81925          62071
       81900          62062
       81888          62059
       81875          62056
       81850          62050
       81850          62050
       81850          62050
       81850          62050
       81838          62048
       81825          62045
       81800          62040
       81788          62038
       81775          62035
       81750          62030
       81738          62027
       81725          62024
       81700          62018
       81688          62015
       81675          62012
       81650          62006
       81644          62004
       81638          62003
       81626          62000
       81619          61998
       81613          61997
       81600          61994
       81588          61990
       81575          61987
       81550          61981
       81538          61978
       81525          61975
       81500          61968
       81488          61964
       81475          61960
       81450          61952
       81449          61952
       81447          61951
       81444          61950
       81433          61945
       81422          61940
       81400          61930
       81388          61923
       81375          61915
       81351          61900
       81350          61900
       81350          61900
       81350          61900
       81338          61889
       81325          61879
       81300          61858
       81298          61856
       81296          61854
       81291          61850
       81281          61840
       81271          61829
       81250          61809
       81248          61807
       81245          61804
       81241          61800
       81231          61788
       81221          61776
       81200          61752
       81199          61752
       81199          61751
       81198          61750
       81189          61738
       81180          61725
       81163          61700
       81160          61691
       81157          61683
       81150          61665
       81148          61661
       81147          61658
       81144          61650
       81141          61638
       81139          61625
       81136          61600
       81136          61588
       81136          61575
       81136          61550
       81138          61538
       81139          61525
       81142          61500
       81144          61491
       81146          61481
       81150          61462
       81151          61459
       81151          61456
       81152          61450
       81156          61438
       81159          61425
       81166          61400
       81170          61388
       81174          61375
       81183          61350
       81187          61341
       81191          61331
       81200          61313
       81202          61310
       81203          61306
       81206          61300
       81214          61288
       81222          61275
       81240          61250
       81242          61247
       81245          61244
       81250          61238
       81260          61228
       81271          61218
       81291          61200
       81294          61198
       81296          61197
       81300          61194
       81313          61185
       81325          61177
       81350          61163
       81356          61160
       81362          61156
       81373          61150
       81380          61147
       81387          61143
       81400          61137
       81413          61131
       81425          61125
       81450          61113
       81457          61110
       81463          61107
       81477          61100
       81483          61097
       81488          61094
       81500          61089
       81513          61082
       81525          61075
       81550          61061
       81554          61058
       81559          61056
       81567          61050
       81575          61044
       81584          61039
       81600          61027
       81608          61020
       81616          61014
       81631          61000
       81636          60996
       81641          60991
       81650          60982
       81658          60974
       81665          60966
       81679          60950
       81685          60944
       81690          60938
       81700          60925
       81705          60919
       81710          60913
       81720          60900
       81728          60891
       81735          60882
       81750          60864
       81753          60860
       81756          60857
       81761          60850
       81771          60840
       81781          60829
       81800          60809
       81802          60807
       81804          60804
       81809          60800
       81819          60791
       81829          60781
       81850          60762
       81853          60759
       81857          60756
       81864          60750
       81873          60742
       81882          60733
       81900          60716
       81904          60712
       81908          60708
       81915          60700
       81924          60689
       81933          60679
       81950          60658
       81951          60656
       81953          60654
       81956          60650
       81964          60638
       81972          60625
       81988          60600
       81991          60594
       81994          60589
       82000          60577
       82004          60570
       82008          60564
       82016          60550
       82023          60538
       82029          60525
       82043          60500
       82045          60497
       82046          60493
       82050          60487
       82055          60478
       82060          60468
       82070          60450
       82076          60438
       82082          60425
       82094          60400
       82095          60396
       82097          60392
       82100          60385
       82103          60376
       82106          60367
       82112          60350
       82115          60338
       82118          60325
       82123          60300
       82125          60288
       82127          60275
       82130          60250
       82131          60238
       82131          60225
       82132          60200
       82132          60188
       82131          60175
       82129          60150
       82126          60138
       82124          60125
       82118          60100
       82113          60090
       82109          60081
       82100          60062
       82098          60059
       82097          60056
       82093          60050
       82083          60038
       82073          60026
       82050          60001
       82050          60001
       82049          60001
       82049          60000
       82036          59991
       82024          59982
       82000          59964
       81994          59961
       81988          59957
       81977          59950
       81970          59946
       81963          59942
       81950          59934
       81938          59928
       81925          59921
       81900          59907
       81897          59905
       81893          59904
       81887          59900
       81877          59895
       81868          59889
       81850          59877
       81841          59871
       81831          59864
       81813          59850
       81810          59847
       81806          59844
       81800          59838
       81791          59829
       81782          59819
       81764          59800
       81761          59795
       81757          59791
       81750          59781
       81745          59773
       81739          59766
       81729          59750
       81722          59738
       81714          59725
       81700          59700
       81700          59700
       81700          59700
       81700          59700
       81695          59687
       81689          59675
       81678          59650
       81675          59638
       81671          59625
       81664          59600
       81662          59588
       81660          59575
       81656          59550
       81656          59538
       81655          59525
       81653          59500
       81653          59488
       81653          59475
       81653          59450
       81653          59438
       81653          59425
       81653          59400
       81654          59388
       81654          59375
       81655          59350
       81656          59338
       81658          59325
       81660          59300
       81662          59288
       81665          59275
       81669          59250
       81672          59238
       81675          59225
       81682          59200
       81686          59188
       81691          59175
       81699          59150
       81700          59150
       81700          59149
       81700          59149
       81706          59136
       81712          59124
       81724          59100
       81731          59090
       81737          59080
       81750          59059
       81752          59057
       81753          59055
       81757          59050
       81767          59038
       81778          59025
       81800          59000
       81800          59000
       81800          59000
       81800          59000
       81813          58988
       81825          58976
       81850          58953
       81851          58952
       81852          58952
       81854          58950
       81865          58941
       81877          58931
       81900          58911
       81903          58909
       81907          58906
       81913          58900
       81923          58892
       81932          58885
       81950          58869
       81955          58864
       81960          58859
       81970          58850
       81978          58843
       81985          58836
       82000          58821
       82005          58816
       82010          58810
       82020          58800
       82028          58791
       82035          58782
       82050          58764
       82053          58760
       82056          58757
       82061          58750
       82070          58738
       82079          58725
       82096          58700
       82097          58698
       82098          58696
       82100          58693
       82107          58682
       82114          58671
       82128          58650
       82133          58640
       82139          58631
       82150          58612
       82152          58609
       82154          58606
       82157          58600
       82165          58588
       82173          58575
       82188          58550
       82191          58545
       82194          58540
       82200          58531
       82205          58523
       82210          58515
       82220          58500
       82228          58489
       82235          58478
       82250          58456
       82251          58454
       82252          58453
       82254          58450
       82263          58438
       82272          58425
       82290          58400
       82293          58397
       82295          58393
       82300          58387
       82307          58378
       82314          58368
       82329          58350
       82334          58343
       82339          58337
       82350          58324
       82355          58318
       82360          58312
       82370          58300
       82377          58292
       82385          58283
       82400          58266
       82404          58262
       82407          58258
       82415          58250
       82424          58241
       82432          58232
       82450          58214
       82454          58211
       82457          58207
       82465          58200
       82473          58192
       82482          58183
       82500          58167
       82505          58163
       82510          58159
       82520          58150
       82527          58144
       82535          58137
       82550          58125
       82558          58119
       82566          58112
       82583          58100
       82587          58097
       82591          58093
       82600          58087
       82613          58078
       82625          58070
       82650          58053
       82651          58052
       82652          58051
       82655          58050
       82666          58043
       82677          58036
       82680          58034
       82671          58035
       82641          58038
       82611          58041
       82581          58044
       82552          58047
       82522          58050
       82492          58052
       82462          58055
       82432          58058
       82402          58061
       82372          58064
       82342          58067
       82313          58069
       82283          58072
       82253          58075
       82223          58078
       82223          58078
       82193          58076
       82175          58075
       82154          58100
       82153          58101
       82152          58102
       82150          58104
       82140          58116
       82131          58127
       82112          58150
       82109          58154
       82106          58157
       82100          58165
       82093          58174
       82086          58182
       82072          58200
       82066          58207
       82061          58214
       82050          58229
       82046          58234
       82042          58239
       82034          58250
       82025          58262
       82017          58275
       82000          58300
       82000          58300
       82000          58300
       82000          58300
       81992          58313
       81984          58325
       81969          58350
       81964          58359
       81960          58369
       81950          58388
       81948          58391
       81947          58394
       81944          58400
       81938          58413
       81933          58425
       81922          58450
       81917          58463
       81913          58475
       81904          58500
       81903          58503
       81902          58507
       81900          58513
       81897          58523
       81894          58532
       81888          58550
       81883          58563
       81878          58575
       81868          58600
       81864          58609
       81859          58618
       81850          58637
       81848          58640
       81846          58643
       81842          58650
       81832          58663
       81822          58675
       81803          58700
       81802          58701
       81801          58701
       81800          58703
       81788          58714
       81775          58725
       81750          58748
       81749          58749
       81749          58749
       81748          58750
       81736          58759
       81724          58769
       81700          58789
       81697          58792
       81694          58795
       81688          58800
       81679          58808
       81669          58817
       81650          58836
       81647          58840
       81644          58843
       81638          58850
       81628          58862
       81618          58874
       81600          58899
       81600          58899
       81600          58899
       81599          58900
       81591          58913
       81583          58925
       81567          58950
       81563          58958
       81559          58965
       81550          58980
       81547          58985
       81545          58990
       81540          59000
       81533          59013
       81527          59025
       81515          59050
       81511          59058
       81507          59067
       81500          59083
       81498          59087
       81496          59092
       81492          59100
       81487          59113
       81482          59125
       81472          59150
       81468          59163
       81463          59175
       81454          59200
       81453          59204
       81452          59207
       81450          59215
       81447          59224
       81444          59232
       81439          59250
       81436          59263
       81433          59275
       81427          59300
       81425          59313
       81423          59325
       81419          59350
       81417          59363
       81415          59375
       81411          59400
       81408          59411
       81405          59422
       81400          59445
       81400          59446
       81399          59447
       81398          59450
       81392          59463
       81386          59475
       81371          59500
       81366          59507
       81361          59514
       81350          59528
       81343          59534
       81336          59539
       81323          59550
       81317          59555
       81311          59559
       81300          59567
       81288          59573
       81275          59578
       81250          59588
       81238          59590
       81225          59593
       81200          59597
       81191          59598
       81182          59599
       81164          59600
       81161          59600
       81157          59601
       81150          59601
       81138          59601
       81125          59602
       81100          59602
       81088          59603
       81075          59603
       81050          59605
       81038          59608
       81025          59611
       81000          59617
       80988          59625
       80975          59632
       80950          59645
       80949          59646
       80948          59648
       80945          59650
       80939          59663
       80933          59675
       80920          59700
       80919          59713
       80918          59725
       80916          59750
       80919          59763
       80923          59775
       80929          59800
       80935          59810
       80940          59821
       80950          59841
       80952          59843
       80954          59846
       80958          59850
       80969          59861
       80979          59871
       81000          59893
       81003          59895
       81006          59896
       81011          59900
       81021          59905
       81031          59911
       81050          59923
       81063          59927
       81075          59932
       81100          59942
       81110          59944
       81121          59946
       81142          59950
       81144          59950
       81146          59951
       81150          59952
       81163          59951
       81175          59951
       81200          59950
       81201          59950
       81201          59950
       81202          59950
       81214          59947
       81226          59944
       81250          59938
       81263          59933
       81275          59928
       81300          59917
       81307          59912
       81315          59908
       81329          59900
       81335          59897
       81340          59895
       81350          59890
       81363          59885
       81375          59880
       81400          59872
       81413          59872
       81425          59872
       81450          59873
       81463          59879
       81475          59885
       81500          59896
       81501          59897
       81502          59898
       81504          59900
       81513          59913
       81522          59925
       81542          59950
       81544          59953
       81546          59957
       81550          59964
       81554          59973
       81557          59982
       81566          60000
       81570          60013
       81574          60025
       81585          60050
       81588          60059
       81592          60068
       81600          60085
       81602          60089
       81604          60093
       81607          60100
       81613          60113
       81619          60125
       81634          60150
       81638          60157
       81641          60164
       81650          60178
       81653          60183
       81657          60189
       81664          60200
       81670          60213
       81676          60225
       81688          60250
       81691          60258
       81694          60265
       81700          60280
       81701          60285
       81703          60290
       81706          60300
       81708          60313
       81710          60325
       81715          60350
       81717          60363
       81718          60375
       81721          60400
       81721          60413
       81720          60425
       81719          60450
       81714          60463
       81710          60475
       81701          60500
       81701          60500
       81700          60501
       81700          60501
       81688          60508
       81675          60515
       81650          60531
       81638          60532
       81625          60534
       81600          60537
       81588          60534
       81575          60531
       81550          60525
       81538          60520
       81525          60515
       81500          60505
       81496          60504
       81492          60503
       81485          60500
       81476          60497
       81467          60494
       81450          60488
       81438          60484
       81425          60481
       81400          60474
       81388          60471
       81375          60468
       81350          60463
       81338          60460
       81325          60458
       81300          60453
       81293          60452
       81285          60452
       81271          60450
       81266          60449
       81260          60449
       81250          60448
       81239          60449
       81227          60449
       81204          60450
       81203          60450
       81202          60450
       81200          60450
       81188          60453
       81175          60455
       81150          60458
       81138          60462
       81125          60465
       81100          60471
       81088          60476
       81075          60480
       81050          60487
       81041          60490
       81033          60494
       81016          60500
       81012          60501
       81008          60503
       81000          60505
       80988          60511
       80975          60517
       80950          60528
       80941          60533
       80932          60539
       80914          60550
       80911          60552
       80907          60555
       80900          60560
       80890          60570
       80880          60580
       80861          60600
       80858          60604
       80856          60608
       80850          60616
       80845          60624
       80840          60633
       80831          60650
       80827          60663
       80823          60675
       80815          60700
       80814          60713
       80812          60725
       80809          60750
       80810          60763
       80810          60775
       80811          60800
       80812          60813
       80814          60825
       80817          60850
       80819          60863
       80821          60875
       80825          60900
       80828          60913
       80830          60925
       80835          60950
       80839          60963
       80843          60975
       80850          61000
       80850          61000
       80850          61000
       80850          61000
       80860          61013
       80869          61025
       80885          61050
       80889          61056
       80893          61062
       80900          61075
       80906          61081
       80911          61087
       80920          61100
       80926          61113
       80931          61125
       80941          61150
       80943          61163
       80944          61175
       80947          61200
       80947          61213
       80946          61225
       80945          61250
       80943          61263
       80940          61275
       80935          61300
       80931          61313
       80926          61325
       80916          61350
       80912          61357
       80908          61364
       80900          61378
       80897          61383
       80893          61389
       80885          61400
       80877          61410
       80869          61420
       80850          61440
       80847          61443
       80844          61445
       80838          61450
       80829          61459
       80819          61467
       80800          61482
       80792          61487
       80785          61491
       80769          61500
       80764          61503
       80760          61507
       80750          61513
       80738          61520
       80725          61527
       80700          61540
       80694          61542
       80688          61545
       80677          61550
       80670          61554
       80663          61558
       80650          61566
       80638          61572
       80625          61579
       80600          61592
       80595          61594
       80590          61596
       80580          61600
       80573          61604
       80565          61609
       80550          61618
       80538          61622
       80525          61627
       80500          61639
       80492          61641
       80484          61644
       80467          61650
       80463          61653
       80459          61656
       80450          61663
       80442          61673
       80435          61682
       80423          61700
       80419          61713
       80417          61725
       80412          61750
       80410          61763
       80408          61775
       80405          61800
       80404          61804
       80403          61809
       80400          61818
       80398          61826
       80396          61834
       80391          61850
       80386          61863
       80380          61875
       80368          61900
       80364          61908
       80359          61915
       80350          61930
       80347          61935
       80344          61940
       80339          61950
       80331          61963
       80324          61975
       80308          62000
       80306          62004
       80304          62007
       80300          62015
       80296          62024
       80291          62032
       80283          62050
       80277          62063
       80271          62075
       80261          62100
       80258          62107
       80255          62114
       80250          62128
       80248          62133
       80246          62139
       80243          62150
       80239          62163
       80235          62175
       80227          62200
       80223          62213
       80220          62225
       80212          62250
       80209          62260
       80206          62269
       80200          62288
       80199          62291
       80198          62294
       80197          62300
       80193          62313
       80190          62325
       80183          62350
       80179          62363
       80176          62375
       80169          62400
       80165          62413
       80161          62425
       80154          62450
       80153          62453
       80152          62457
       80150          62463
       80147          62472
       80145          62482
       80140          62500
       80136          62513
       80132          62525
       80125          62550
       80121          62563
       80117          62575
       80110          62600
       80107          62607
       80105          62615
       80100          62630
       80098          62635
       80097          62640
       80094          62650
       80089          62663
       80085          62675
       80077          62700
       80073          62713
       80068          62725
       80059          62750
       80057          62757
       80055          62764
       80050          62777
       80048          62783
       80046          62789
       80042          62800
       80039          62813
       80035          62825
       80027          62850
       80025          62863
       80023          62875
       80018          62900
       80018          62913
       80018          62925
       80018          62950
       80020          62963
       80023          62975
       80028          63000
       80032          63013
       80037          63025
       80045          63050
       80046          63053
       80047          63057
       80050          63064
       80053          63073
       80056          63082
       80061          63100
       80064          63113
       80067          63125
       80072          63150
       80074          63163
       80075          63175
       80077          63200
       80075          63213
       80074          63225
       80072          63250
       80067          63261
       80062          63273
       80050          63296
       80049          63297
       80049          63298
       80048          63300
       80036          63311
       80024          63319
       80000          63330
       79988          63330
       79975          63330
       79950          63330
       79938          63327
       79925          63324
       79900          63318
       79888          63321
       79875          63325
       79850          63337
       79846          63340
       79841          63343
       79833          63350
       79829          63363
       79824          63375
       79814          63400
       79813          63413
       79811          63425
       79808          63450
       79806          63456
       79804          63462
       79800          63473
       79797          63480
       79795          63487
       79789          63500
       79780          63513
       79770          63525
       79750          63550
       79750          63550
       79750          63550
       79750          63550
       79739          63563
       79727          63575
       79705          63600
       79704          63601
       79703          63603
       79700          63606
       79690          63617
       79680          63628
       79661          63650
       79658          63653
       79655          63656
       79650          63663
       79642          63672
       79634          63681
       79619          63700
       79615          63707
       79610          63713
       79600          63726
       79596          63732
       79591          63738
       79583          63750
       79575          63763
       79567          63775
       79552          63800
       79551          63801
       79551          63801
       79550          63803
       79544          63815
       79537          63826
       79524          63850
       79518          63863
       79512          63875
       79500          63900
       79500          63900
       79500          63900
       79500          63901
       79494          63913
       79489          63925
       79477          63950
       79472          63963
       79466          63975
       79455          64000
       79454          64003
       79452          64005
       79450          64010
       79445          64020
       79441          64030
       79432          64050
       79426          64063
       79420          64075
       79408          64100
       79406          64105
       79404          64109
       79400          64119
       79396          64127
       79393          64134
       79385          64150
       79380          64163
       79374          64175
       79363          64200
       79360          64208
       79357          64216
       79350          64231
       79348          64236
       79346          64241
       79342          64250
       79338          64263
       79333          64275
       79323          64300
       79319          64313
       79315          64325
       79306          64350
       79305          64355
       79303          64361
       79300          64371
       79298          64379
       79296          64386
       79292          64400
       79288          64413
       79285          64425
       79277          64450
       79274          64463
       79270          64475
       79261          64500
       79258          64507
       79256          64515
       79250          64529
       79248          64534
       79246          64540
       79242          64550
       79237          64563
       79232          64575
       79221          64600
       79217          64613
       79212          64625
       79202          64650
       79201          64651
       79201          64653
       79200          64656
       79197          64667
       79195          64678
       79189          64700
       79189          64713
       79188          64725
       79187          64750
       79190          64763
       79193          64775
       79198          64800
       79198          64801
       79199          64802
       79200          64805
       79205          64816
       79210          64827
       79219          64850
       79227          64863
       79234          64875
       79247          64900
       79248          64901
       79249          64902
       79250          64904
       79258          64915
       79266          64927
       79280          64950
       79285          64957
       79290          64965
       79300          64980
       79303          64985
       79306          64990
       79312          65000
       79320          65013
       79327          65025
       79340          65050
       79342          65056
       79345          65061
       79350          65072
       79353          65079
       79356          65086
       79362          65100
       79367          65113
       79371          65125
       79379          65150
       79382          65163
       79385          65175
       79390          65200
       79392          65213
       79393          65225
       79397          65250
       79397          65259
       79398          65268
       79400          65287
       79400          65290
       79401          65293
       79401          65300
       79403          65313
       79404          65325
       79406          65350
       79407          65363
       79409          65375
       79411          65400
       79413          65413
       79415          65425
       79420          65450
       79423          65463
       79426          65475
       79433          65500
       79437          65510
       79442          65521
       79450          65541
       79451          65543
       79452          65546
       79455          65550
       79462          65563
       79469          65575
       79485          65600
       79489          65606
       79492          65612
       79500          65624
       79505          65630
       79510          65637
       79521          65650
       79528          65662
       79536          65674
       79550          65699
       79550          65699
       79550          65699
       79551          65700
       79555          65713
       79560          65725
       79568          65750
       79567          65763
       79567          65775
       79566          65800
       79564          65813
       79562          65825
       79559          65850
       79557          65863
       79556          65875
       79553          65900
       79553          65913
       79553          65925
       79553          65950
       79556          65963
       79559          65975
       79564          66000
       79569          66013
       79574          66025
       79583          66050
       79588          66057
       79592          66065
       79600          66080
       79603          66085
       79605          66090
       79611          66100
       79620          66113
       79629          66125
       79646          66150
       79647          66151
       79648          66152
       79650          66154
       79659          66165
       79667          66177
       79685          66200
       79689          66204
       79692          66209
       79700          66217
       79706          66226
       79713          66234
       79726          66250
       79732          66257
       79738          66264
       79750          66277
       79754          66283
       79758          66289
       79767          66300
       79775          66311
       79783          66321
       79800          66342
       79801          66344
       79803          66346
       79806          66350
       79815          66363
       79824          66375
       79842          66400
       79844          66403
       79846          66407
       79850          66413
       79856          66423
       79862          66432
       79874          66450
       79880          66461
       79887          66473
       79900          66496
       79901          66497
       79902          66498
       79904          66500
       79913          66513
       79924          66525
       79949          66550
       79949          66550
       79949          66551
       79950          66551
       79963          66555
       79975          66558
       80000          66564
       80013          66563
       80025          66562
       80050          66561
       80063          66560
       80075          66559
       80100          66557
       80113          66557
       80125          66556
       80150          66556
       80163          66557
       80175          66558
       80200          66559
       80213          66561
       80225          66563
       80250          66567
       80263          66570
       80275          66572
       80300          66579
       80313          66582
       80325          66586
       80350          66594
       80354          66596
       80358          66597
       80366          66600
       80375          66604
       80383          66607
       80400          66616
       80411          66622
       80421          66630
       80442          66650
       80444          66654
       80446          66658
       80450          66667
       80454          66675
       80457          66683
       80463          66700
       80465          66713
       80468          66725
       80472          66750
       80474          66763
       80476          66775
       80479          66800
       80481          66813
       80484          66825
       80488          66850
       80491          66861
       80494          66872
       80500          66894
       80500          66896
       80501          66897
       80502          66900
       80507          66913
       80512          66925
       80523          66950
       80530          66961
       80536          66973
       80550          66995
       80551          66996
       80551          66998
       80553          67000
       80562          67013
       80572          67025
       80592          67050
       80594          67052
       80596          67054
       80600          67059
       80610          67069
       80619          67079
       80638          67100
       80641          67103
       80644          67106
       80650          67112
       80659          67121
       80668          67131
       80685          67150
       80689          67154
       80693          67158
       80700          67166
       80707          67175
       80714          67183
       80728          67200
       80733          67207
       80739          67214
       80750          67227
       80754          67233
       80759          67239
       80767          67250
       80775          67261
       80784          67271
       80800          67293
       80801          67295
       80803          67296
       80805          67300
       80813          67313
       80821          67325
       80835          67350
       80839          67357
       80843          67364
       80850          67378
       80853          67384
       80856          67389
       80861          67400
       80867          67413
       80872          67425
       80883          67450
       80887          67462
       80891          67473
       80900          67497
       80900          67497
       80901          67498
       80901          67500
       80905          67513
       80909          67525
       80918          67550
       80921          67563
       80925          67575
       80932          67600
       80935          67613
       80938          67625
       80945          67650
       80946          67655
       80947          67661
       80950          67672
       80952          67679
       80953          67686
       80957          67700
       80959          67713
       80962          67725
       80967          67750
       80970          67763
       80970          67764
       80981          67765
       81011          67768
       81040          67771
       81070          67774
       81100          67777
       81130          67780
       81152          67782
       81182          67784
       81212          67786
       81213          67786
30;   9;  1;  -2785.00
       81600          66342
       81588          66340
       81575          66338
       81550          66333
       81542          66324
       81536          66316
       81525          66300
       81529          66288
       81533          66275
       81541          66250
       81543          66247
       81545          66245
       81550          66240
       81563          66232
       81575          66225
       81600          66210
       81613          66211
       81625          66212
       81650          66214
       81659          66223
       81666          66232
       81677          66250
       81674          66263
       81671          66275
       81666          66300
       81662          66304
       81658          66307
       81650          66315
       81638          66320
       81625          66326
120;   9;  2;  -2785.00
       80150          66372
       80138          66372
       80125          66371
       80100          66371
       80088          66369
       80075          66366
       80050          66362
       80042          66359
       80035          66356
       80019          66350
       80015          66348
       80010          66346
       80000          66342
       79988          66333
       79975          66323
       79950          66305
       79949          66304
       79947          66303
       79945          66300
       79935          66288
       79924          66275
       79903          66250
       79902          66249
       79901          66248
       79900          66246
       79893          66235
       79886          66223
       79872          66200
       79867          66188
       79862          66176
       79850          66151
       79850          66151
       79850          66151
       79849          66150
       79847          66138
       79844          66125
       79838          66100
       79839          66088
       79839          66075
       79841          66050
       79843          66045
       79845          66039
       79850          66029
       79854          66022
       79858          66014
       79866          66000
       79875          65992
       79883          65984
       79900          65971
       79910          65965
       79919          65960
       79939          65950
       79942          65949
       79944          65948
       79950          65945
       79963          65942
       79975          65938
       80000          65932
       80013          65929
       80025          65927
       80050          65923
       80063          65922
       80075          65920
       80100          65918
       80113          65918
       80125          65918
       80150          65918
       80163          65919
       80175          65921
       80200          65925
       80213          65928
       80225          65932
       80250          65940
       80255          65943
       80260          65945
       80269          65950
       80277          65955
       80285          65960
       80300          65970
       80308          65977
       80317          65984
       80333          66000
       80338          66005
       80342          66011
       80350          66022
       80355          66029
       80360          66036
       80369          66050
       80374          66063
       80378          66075
       80387          66100
       80389          66113
       80390          66125
       80392          66150
       80390          66163
       80389          66175
       80385          66200
       80381          66213
       80376          66225
       80366          66250
       80362          66256
       80358          66262
       80350          66274
       80345          66281
       80340          66287
       80329          66300
       80322          66306
       80314          66312
       80300          66324
       80289          66331
       80277          66338
       80255          66350
       80253          66351
       80252          66351
       80250          66352
       80238          66356
       80225          66359
       80200          66366
       80188          66368
       80175          66369
24;   9;  3;  -2785.00
       80050          65665
       80038          65665
       80025          65665
       80000          65665
       79996          65662
       79992          65658
       79985          65650
       79988          65647
       79992          65645
       80000          65639
       80013          65637
       80025          65635
       80050          65629
       80063          65632
       80075          65636
       80100          65649
       80100          65649
       80100          65650
       80101          65650
       80101          65650
       80100          65650
       80100          65650
       80088          65653
       80075          65657
36;   9;  4;  -2785.00
       80500          65655
       80496          65654
       80492          65652
       80483          65650
       80475          65646
       80467          65642
       80450          65634
       80441          65626
       80432          65618
       80414          65600
       80419          65588
       80423          65575
       80428          65550
       80433          65547
       80439          65544
       80450          65538
       80463          65535
       80475          65532
       80500          65525
       80511          65533
       80522          65539
       80543          65550
       80545          65557
       80546          65564
       80550          65579
       80551          65584
       80552          65589
       80555          65600
       80554          65606
       80553          65612
       80550          65625
       80543          65634
       80536          65641
       80523          65650
       80517          65651
       80511          65653
174;   9;  5;  -2785.00
       82150          63284
       82138          63283
       82125          63282
       82100          63281
       82088          63277
       82075          63273
       82050          63266
       82042          63262
       82034          63258
       82018          63250
       82014          63248
       82009          63245
       82000          63241
       81988          63232
       81975          63223
       81950          63205
       81949          63204
       81947          63202
       81945          63200
       81933          63189
       81922          63177
       81900          63155
       81899          63153
       81898          63152
       81896          63150
       81887          63138
       81879          63125
       81862          63100
       81859          63095
       81856          63089
       81850          63078
       81847          63071
       81843          63064
       81837          63050
       81832          63038
       81828          63025
       81819          63000
       81816          62988
       81813          62975
       81807          62950
       81805          62939
       81804          62928
       81800          62905
       81800          62904
       81800          62903
       81799          62900
       81798          62888
       81796          62875
       81793          62850
       81791          62838
       81790          62825
       81786          62800
       81783          62788
       81781          62775
       81775          62750
       81772          62738
       81769          62725
       81762          62700
       81759          62690
       81756          62679
       81750          62659
       81749          62657
       81749          62654
       81747          62650
       81744          62638
       81741          62625
       81733          62600
       81731          62588
       81728          62575
       81720          62550
       81718          62538
       81715          62525
       81708          62500
       81708          62488
       81707          62475
       81703          62450
       81715          62437
       81727          62430
       81750          62424
       81763          62419
       81775          62416
       81800          62411
       81813          62409
       81825          62407
       81850          62404
       81863          62404
       81875          62403
       81900          62402
       81913          62404
       81925          62405
       81950          62407
       81963          62409
       81975          62412
       82000          62416
       82013          62420
       82025          62424
       82050          62433
       82058          62437
       82067          62441
       82084          62450
       82088          62452
       82092          62455
       82100          62460
       82111          62469
       82122          62479
       82145          62500
       82146          62502
       82147          62503
       82150          62506
       82157          62517
       82164          62528
       82178          62550
       82183          62562
       82189          62574
       82200          62599
       82200          62599
       82200          62599
       82200          62600
       82204          62613
       82208          62625
       82215          62650
       82218          62663
       82221          62675
       82228          62700
       82231          62713
       82234          62725
       82241          62750
       82243          62758
       82245          62765
       82250          62781
       82251          62785
       82253          62790
       82255          62800
       82259          62813
       82263          62825
       82271          62850
       82275          62863
       82279          62875
       82288          62900
       82291          62910
       82294          62919
       82300          62939
       82301          62942
       82302          62944
       82304          62950
       82307          62963
       82310          62975
       82316          63000
       82318          63013
       82319          63025
       82323          63050
       82323          63063
       82323          63075
       82322          63100
       82320          63113
       82318          63125
       82312          63150
       82310          63158
       82307          63166
       82300          63182
       82298          63187
       82296          63191
       82291          63200
       82283          63212
       82273          63225
       82250          63249
       82250          63250
       82250          63250
       82249          63250
       82237          63257
       82225          63264
       82200          63275
       82188          63278
       82175          63280
198;   9;  6;  -2785.00
       80950          62599
       80938          62597
       80925          62594
       80900          62589
       80888          62583
       80875          62578
       80850          62565
       80844          62562
       80839          62558
       80828          62550
       80821          62543
       80814          62536
       80800          62522
       80795          62517
       80790          62511
       80781          62500
       80773          62488
       80766          62475
       80750          62450
       80750          62450
       80750          62450
       80750          62449
       80745          62437
       80739          62425
       80728          62400
       80724          62388
       80720          62375
       80712          62350
       80709          62338
       80707          62325
       80701          62300
       80701          62298
       80701          62295
       80700          62291
       80699          62281
       80697          62270
       80694          62250
       80693          62238
       80693          62225
       80691          62200
       80692          62188
       80692          62175
       80694          62150
       80695          62142
       80697          62133
       80700          62117
       80701          62112
       80701          62108
       80703          62100
       80706          62088
       80710          62075
       80719          62050
       80726          62039
       80733          62028
       80750          62006
       80751          62005
       80752          62003
       80754          62000
       80765          61989
       80777          61979
       80800          61962
       80805          61959
       80809          61956
       80818          61950
       80826          61946
       80834          61942
       80850          61936
       80863          61931
       80875          61927
       80900          61920
       80913          61918
       80925          61916
       80950          61913
       80963          61913
       80975          61913
       81000          61914
       81013          61916
       81025          61919
       81050          61924
       81063          61929
       81075          61934
       81100          61946
       81102          61947
       81103          61948
       81107          61950
       81117          61958
       81128          61967
       81150          61985
       81154          61989
       81158          61993
       81165          62000
       81174          62011
       81182          62022
       81200          62044
       81201          62045
       81203          62047
       81205          62050
       81213          62063
       81222          62075
       81241          62100
       81243          62103
       81245          62107
       81250          62114
       81257          62123
       81265          62132
       81283          62150
       81287          62155
       81291          62160
       81300          62170
       81313          62179
       81325          62186
       81350          62198
       81352          62199
       81355          62199
       81359          62200
       81369          62203
       81380          62205
       81400          62210
       81413          62211
       81425          62212
       81450          62214
       81463          62216
       81475          62218
       81500          62222
       81513          62227
       81525          62233
       81550          62242
       81553          62244
       81556          62246
       81562          62250
       81572          62260
       81581          62269
       81600          62286
       81603          62290
       81607          62293
       81614          62300
       81620          62313
       81627          62325
       81645          62350
       81646          62355
       81647          62361
       81650          62371
       81653          62378
       81656          62386
       81665          62400
       81663          62404
       81660          62409
       81650          62418
       81638          62426
       81625          62431
       81600          62436
       81588          62437
       81575          62438
       81550          62439
       81538          62438
       81525          62437
       81500          62435
       81488          62432
       81475          62430
       81450          62425
       81438          62422
       81425          62419
       81400          62414
       81388          62412
       81375          62411
       81350          62408
       81338          62410
       81325          62412
       81300          62417
       81288          62424
       81275          62431
       81250          62446
       81249          62447
       81248          62448
       81246          62450
       81234          62458
       81223          62466
       81200          62484
       81195          62488
       81191          62492
       81182          62500
       81174          62506
       81166          62511
       81150          62523
       81141          62530
       81132          62537
       81114          62550
       81110          62552
       81107          62554
       81100          62558
       81088          62564
       81075          62570
       81050          62581
       81038          62585
       81025          62589
       81000          62596
       80988          62597
       80975          62598
60;   9;  7;  -2785.00
       82750          60762
       82742          60759
       82734          60756
       82718          60750
       82713          60748
       82709          60747
       82700          60743
       82689          60732
       82678          60722
       82658          60700
       82656          60694
       82654          60689
       82650          60677
       82649          60670
       82647          60664
       82645          60650
       82646          60644
       82648          60638
       82650          60625
       82652          60619
       82654          60613
       82657          60600
       82667          60588
       82676          60575
       82691          60550
       82693          60548
       82696          60546
       82700          60541
       82713          60537
       82725          60532
       82750          60520
       82763          60521
       82775          60522
       82800          60524
       82812          60530
       82823          60536
       82847          60550
       82848          60551
       82848          60552
       82850          60553
       82858          60565
       82866          60577
       82881          60600
       82883          60613
       82886          60625
       82891          60650
       82888          60663
       82885          60675
       82879          60700
       82872          60709
       82866          60718
       82850          60737
       82845          60741
       82839          60744
       82829          60750
       82821          60753
       82814          60756
       82800          60761
       82788          60761
       82775          60761
120;   10;  0;  -2780.00
       80163          66371
       80175          66369
       80200          66366
       80213          66363
       80225          66359
       80250          66352
       80251          66351
       80252          66351
       80255          66350
       80266          66344
       80277          66338
       80300          66324
       80307          66318
       80314          66312
       80329          66300
       80334          66294
       80340          66287
       80350          66274
       80354          66268
       80358          66262
       80366          66250
       80371          66238
       80376          66225
       80385          66200
       80387          66188
       80389          66175
       80392          66150
       80391          66138
       80390          66125
       80387          66100
       80383          66088
       80378          66075
       80369          66050
       80364          66043
       80360          66036
       80350          66022
       80346          66016
       80342          66011
       80333          66000
       80325          65992
       80317          65984
       80300          65970
       80292          65964
       80285          65960
       80269          65950
       80264          65948
       80260          65945
       80250          65940
       80238          65936
       80225          65932
       80200          65925
       80188          65923
       80175          65921
       80150          65918
       80138          65918
       80125          65918
       80100          65918
       80088          65919
       80075          65920
       80050          65923
       80038          65925
       80025          65927
       80000          65932
       79988          65935
       79975          65938
       79950          65945
       79947          65947
       79944          65948
       79939          65950
       79929          65955
       79919          65960
       79900          65971
       79892          65977
       79883          65984
       79866          66000
       79862          66007
       79858          66014
       79850          66029
       79848          66034
       79845          66039
       79841          66050
       79840          66063
       79839          66075
       79838          66100
       79841          66113
       79844          66125
       79849          66150
       79850          66150
       79850          66151
       79850          66151
       79856          66163
       79862          66176
       79872          66200
       79880          66212
       79886          66223
       79900          66246
       79901          66247
       79901          66248
       79903          66250
       79913          66263
       79924          66275
       79945          66300
       79946          66301
       79947          66303
       79950          66305
       79963          66314
       79975          66323
       80000          66342
       80005          66344
       80010          66346
       80019          66350
       80027          66353
       80035          66356
       80050          66362
       80063          66364
       80075          66366
       80100          66371
       80113          66371
       80125          66371
       80150          66372
1601;   10;  1;  -2780.00
       81552          67800
       81551          67800
       81551          67799
       81550          67799
       81538          67789
       81525          67778
       81500          67757
       81498          67756
       81496          67754
       81493          67750
       81482          67739
       81471          67727
       81450          67705
       81449          67703
       81448          67702
       81446          67700
       81438          67688
       81430          67675
       81415          67650
       81411          67643
       81407          67636
       81400          67622
       81397          67616
       81395          67611
       81390          67600
       81385          67588
       81380          67575
       81371          67550
       81367          67538
       81363          67525
       81356          67500
       81355          67493
       81353          67486
       81350          67473
       81349          67467
       81347          67461
       81345          67450
       81343          67438
       81341          67425
       81338          67400
       81338          67388
       81338          67375
       81338          67350
       81341          67338
       81344          67326
       81350          67302
       81350          67301
       81350          67301
       81350          67300
       81357          67288
       81364          67275
       81380          67250
       81385          67245
       81390          67240
       81400          67231
       81407          67223
       81414          67215
       81429          67200
       81434          67196
       81439          67191
       81450          67183
       81459          67175
       81469          67167
       81487          67150
       81491          67147
       81494          67145
       81500          67140
       81512          67130
       81524          67120
       81548          67100
       81548          67099
       81549          67099
       81550          67098
       81563          67088
       81575          67077
       81600          67055
       81602          67054
       81603          67053
       81607          67050
       81617          67041
       81628          67032
       81650          67012
       81654          67009
       81658          67006
       81666          67000
       81675          66993
       81683          66985
       81700          66970
       81708          66965
       81715          66960
       81731          66950
       81735          66946
       81740          66942
       81750          66934
       81763          66928
       81775          66921
       81800          66905
       81803          66904
       81806          66903
       81812          66900
       81822          66893
       81831          66885
       81850          66865
       81855          66861
       81860          66858
       81869          66850
       81871          66838
       81873          66825
       81877          66800
       81872          66788
       81867          66775
       81860          66750
       81857          66747
       81855          66743
       81850          66737
       81846          66727
       81843          66718
       81837          66700
       81830          66688
       81825          66675
       81816          66650
       81813          66638
       81811          66625
       81806          66600
       81809          66588
       81811          66575
       81814          66550
       81820          66538
       81827          66525
       81840          66500
       81843          66498
       81845          66495
       81850          66490
       81863          66482
       81875          66474
       81900          66458
       81908          66456
       81917          66454
       81934          66450
       81938          66449
       81942          66448
       81950          66446
       81954          66447
       81959          66448
       81967          66450
       81976          66453
       81984          66456
       82000          66464
       82009          66473
       82017          66482
       82030          66500
       82034          66513
       82039          66525
       82048          66550
       82049          66552
       82049          66554
       82050          66557
       82054          66568
       82059          66579
       82069          66600
       82074          66613
       82080          66625
       82096          66650
       82097          66652
       82098          66653
       82100          66656
       82113          66657
       82125          66657
       82150          66658
       82152          66656
       82154          66654
       82157          66650
       82168          66641
       82179          66632
       82200          66611
       82202          66608
       82203          66605
       82206          66600
       82213          66588
       82220          66575
       82232          66550
       82236          66538
       82241          66525
       82250          66500
       82254          66488
       82258          66475
       82267          66450
       82273          66438
       82280          66425
       82295          66400
       82297          66399
       82298          66397
       82300          66395
       82313          66384
       82325          66373
       82350          66355
       82353          66354
       82356          66352
       82362          66350
       82371          66346
       82381          66343
       82400          66336
       82413          66336
       82425          66335
       82450          66333
       82463          66337
       82475          66340
       82500          66346
       82502          66347
       82503          66348
       82507          66350
       82518          66356
       82528          66362
       82550          66374
       82559          66380
       82568          66387
       82585          66400
       82589          66403
       82593          66406
       82600          66412
       82611          66421
       82623          66431
       82645          66450
       82646          66451
       82648          66452
       82650          66455
       82663          66466
       82675          66477
       82700          66500
       82700          66500
       82700          66500
       82700          66500
       82713          66512
       82725          66524
       82750          66548
       82751          66548
       82751          66549
       82753          66550
       82765          66562
       82776          66573
       82800          66595
       82802          66596
       82804          66597
       82807          66600
       82818          66609
       82829          66617
       82850          66634
       82858          66638
       82865          66642
       82880          66650
       82885          66653
       82890          66655
       82900          66661
       82913          66665
       82925          66669
       82950          66678
       82963          66680
       82975          66682
       83000          66687
       83013          66688
       83025          66689
       83050          66691
       83063          66691
       83075          66691
       83100          66691
       83113          66690
       83125          66690
       83150          66688
       83163          66687
       83175          66686
       83177          66685
       83178          66677
       83180          66649
       83181          66635
       83183          66607
       83184          66575
       83184          66568
       83184          66539
       83184          66508
       83183          66477
       83183          66471
       83182          66440
       83180          66409
       83178          66381
       83177          66368
       83172          66338
       83167          66310
       83164          66297
       83158          66269
       83149          66239
       83147          66233
       83137          66206
       83126          66178
       83114          66149
       83111          66142
       83099          66114
       83087          66085
       83075          66060
       83069          66048
       83054          66023
       83039          65998
       83032          65987
       83016          65963
       82997          65937
       82992          65931
       82974          65908
       82954          65885
       82934          65861
       82925          65851
       82905          65827
       82884          65804
       82866          65783
       82856          65772
       82837          65752
       82817          65729
       82811          65722
       82790          65699
       82769          65675
       82751          65654
       82732          65631
       82714          65608
       82712          65605
       82695          65582
       82675          65557
       82659          65532
       82651          65518
       82639          65491
       82628          65464
       82622          65450
       82613          65425
       82603          65392
       82598          65372
       82591          65342
       82584          65309
       82577          65278
       82572          65252
       82570          65240
       82566          65210
       82564          65184
       82564          65178
       82563          65148
       82564          65118
       82564          65116
       82569          65086
       82577          65057
       82579          65052
       82587          65026
       82599          64995
       82608          64972
       82620          64944
       82633          64914
       82645          64887
       82648          64881
       82660          64855
       82673          64829
       82687          64801
       82690          64794
       82704          64767
       82718          64738
       82732          64710
       82744          64686
       82752          64670
       82765          64644
       82777          64619
       82782          64608
       82795          64580
       82807          64553
       82811          64543
       82822          64515
       82832          64487
       82837          64474
       82846          64448
       82857          64416
       82858          64412
       82867          64385
       82876          64355
       82885          64324
       82894          64296
       82898          64284
       82906          64255
       82915          64228
       82923          64199
       82928          64182
       82936          64153
       82944          64124
       82952          64095
       82956          64082
       82964          64054
       82972          64025
       82980          63996
       82985          63978
       82992          63949
       83000          63920
       83007          63891
       83011          63877
       83018          63849
       83025          63821
       83033          63790
       83035          63783
       83042          63753
       83049          63722
       83055          63692
       83061          63665
       83066          63642
       83071          63613
       83075          63586
       83077          63574
       83082          63546
       83085          63515
       83085          63515
       83087          63485
       83087          63453
       83088          63425
       83088          63401
       83088          63372
       83087          63348
       83085          63316
       83083          63286
       83082          63279
       83078          63249
       83074          63220
       83072          63206
       83068          63178
       83062          63145
       83057          63121
       83051          63092
       83045          63061
       83039          63030
       83039          63030
       83033          63000
       83027          62968
       83021          62938
       83016          62912
       83013          62893
       83007          62864
       83003          62837
       83002          62828
       82997          62799
       82993          62769
       82992          62757
       82989          62727
       82987          62697
       82986          62686
       82984          62660
       82983          62625
       82983          62605
       82982          62574
       82981          62540
       82981          62508
       82981          62482
       82981          62469
       82982          62439
       82983          62413
       82984          62403
       82985          62373
       82986          62366
       82975          62367
       82950          62368
       82938          62368
       82925          62368
       82900          62368
       82888          62367
       82875          62366
       82850          62365
       82838          62364
       82825          62363
       82800          62360
       82788          62359
       82775          62357
       82750          62355
       82742          62353
       82733          62352
       82717          62350
       82712          62349
       82708          62349
       82700          62348
       82688          62346
       82675          62344
       82650          62340
       82638          62337
       82625          62335
       82600          62329
       82588          62327
       82575          62324
       82550          62318
       82538          62315
       82525          62313
       82500          62306
       82491          62305
       82482          62303
       82465          62300
       82461          62299
       82457          62297
       82450          62293
       82443          62294
       82437          62295
       82423          62300
       82417          62302
       82412          62305
       82400          62320
       82399          62328
       82398          62335
       82396          62350
       82393          62363
       82391          62375
       82388          62400
       82387          62413
       82385          62425
       82384          62450
       82383          62463
       82383          62475
       82382          62500
       82382          62513
       82383          62525
       82383          62550
       82385          62563
       82386          62575
       82388          62600
       82391          62613
       82393          62625
       82398          62650
       82398          62652
       82399          62654
       82400          62659
       82403          62669
       82406          62679
       82412          62700
       82417          62713
       82421          62725
       82431          62750
       82436          62759
       82440          62769
       82450          62787
       82452          62791
       82454          62794
       82458          62800
       82467          62813
       82476          62825
       82495          62850
       82497          62851
       82498          62853
       82500          62855
       82513          62867
       82525          62878
       82550          62899
       82550          62900
       82550          62900
       82551          62900
       82563          62908
       82575          62917
       82600          62933
       82608          62937
       82617          62941
       82633          62950
       82637          62953
       82642          62955
       82650          62960
       82663          62966
       82675          62973
       82700          62985
       82708          62989
       82717          62992
       82734          63000
       82738          63003
       82742          63005
       82750          63010
       82763          63017
       82775          63024
       82800          63039
       82805          63042
       82810          63045
       82819          63050
       82827          63056
       82835          63063
       82850          63077
       82857          63082
       82865          63088
       82879          63100
       82885          63107
       82890          63113
       82900          63126
       82906          63132
       82912          63138
       82925          63150
       82931          63160
       82938          63169
       82950          63188
       82953          63191
       82956          63194
       82961          63200
       82969          63213
       82976          63225
       82990          63250
       82992          63259
       82995          63269
       83000          63287
       83001          63290
       83003          63294
       83005          63300
       83006          63313
       83007          63325
       83008          63350
       83006          63357
       83004          63363
       83000          63376
       82999          63382
       82998          63388
       82996          63400
       82990          63413
       82985          63425
       82974          63450
       82968          63458
       82962          63466
       82950          63483
       82948          63487
       82945          63491
       82941          63500
       82931          63512
       82921          63524
       82900          63547
       82899          63548
       82899          63549
       82898          63550
       82886          63563
       82874          63574
       82850          63595
       82849          63597
       82848          63598
       82845          63600
       82834          63609
       82823          63617
       82800          63632
       82793          63637
       82786          63642
       82773          63650
       82767          63653
       82761          63656
       82750          63662
       82738          63668
       82725          63673
       82700          63684
       82688          63688
       82677          63692
       82653          63700
       82653          63700
       82652          63701
       82650          63701
       82638          63704
       82625          63708
       82600          63714
       82588          63716
       82575          63718
       82550          63723
       82538          63724
       82525          63726
       82500          63729
       82488          63730
       82475          63730
       82450          63732
       82438          63732
       82425          63732
       82400          63732
       82388          63732
       82375          63732
       82350          63731
       82338          63730
       82325          63729
       82300          63727
       82288          63725
       82275          63723
       82250          63720
       82238          63718
       82225          63716
       82200          63711
       82188          63709
       82175          63706
       82151          63700
       82151          63700
       82150          63700
       82150          63700
       82138          63696
       82125          63693
       82100          63685
       82088          63681
       82075          63676
       82050          63667
       82041          63663
       82031          63659
       82012          63650
       82009          63649
       82006          63647
       82000          63644
       81988          63638
       81975          63631
       81950          63618
       81943          63613
       81936          63609
       81922          63600
       81916          63596
       81911          63593
       81900          63586
       81888          63577
       81876          63568
       81853          63550
       81852          63549
       81851          63549
       81850          63548
       81838          63537
       81825          63526
       81800          63503
       81799          63503
       81798          63502
       81796          63500
       81784          63488
       81772          63476
       81750          63452
       81749          63452
       81749          63451
       81748          63450
       81736          63438
       81725          63425
       81705          63400
       81703          63399
       81702          63397
       81700          63394
       81691          63383
       81682          63372
       81665          63350
       81661          63345
       81657          63339
       81650          63329
       81645          63321
       81640          63314
       81630          63300
       81622          63288
       81615          63275
       81600          63250
       81600          63250
       81600          63250
       81600          63250
       81593          63237
       81586          63225
       81572          63200
       81568          63188
       81563          63175
       81555          63150
       81554          63140
       81552          63129
       81550          63109
       81550          63107
       81549          63104
       81549          63100
       81549          63090
       81549          63080
       81550          63061
       81550          63058
       81550          63055
       81550          63050
       81552          63038
       81553          63025
       81555          63000
       81557          62988
       81559          62975
       81562          62950
       81563          62938
       81565          62925
       81567          62900
       81567          62888
       81567          62875
       81568          62850
       81565          62838
       81563          62825
       81559          62800
       81557          62795
       81554          62791
       81550          62781
       81545          62774
       81539          62766
       81527          62750
       81521          62744
       81514          62739
       81500          62728
       81488          62723
       81475          62719
       81450          62711
       81438          62710
       81425          62710
       81400          62709
       81388          62712
       81375          62714
       81350          62719
       81338          62723
       81325          62727
       81300          62734
       81288          62738
       81275          62742
       81250          62750
       81250          62750
       81250          62750
       81250          62750
       81237          62754
       81225          62757
       81200          62764
       81188          62766
       81175          62769
       81150          62773
       81138          62774
       81125          62775
       81100          62778
       81088          62778
       81075          62778
       81050          62779
       81038          62779
       81025          62779
       81000          62779
       80988          62779
       80975          62778
       80950          62777
       80938          62777
       80925          62776
       80900          62774
       80888          62773
       80875          62772
       80850          62770
       80838          62769
       80825          62768
       80800          62765
       80788          62763
       80775          62762
       80750          62758
       80738          62757
       80725          62755
       80700          62751
       80699          62750
       80698          62750
       80696          62750
       80684          62748
       80673          62747
       80650          62743
       80638          62742
       80625          62740
       80600          62737
       80588          62737
       80575          62737
       80550          62737
       80538          62739
       80525          62741
       80500          62747
       80498          62748
       80496          62748
       80493          62750
       80482          62755
       80471          62759
       80450          62770
       80440          62777
       80431          62784
       80411          62800
       80409          62802
       80406          62804
       80400          62809
       80390          62819
       80380          62830
       80362          62850
       80359          62853
       80356          62857
       80350          62864
       80344          62873
       80338          62882
       80326          62900
       80319          62913
       80313          62925
       80300          62950
       80300          62950
       80300          62951
       80300          62951
       80296          62963
       80293          62976
       80286          63000
       80284          63013
       80283          63025
       80280          63050
       80279          63063
       80278          63075
       80277          63100
       80277          63113
       80277          63125
       80276          63150
       80276          63163
       80275          63175
       80274          63200
       80273          63213
       80272          63225
       80269          63250
       80267          63263
       80265          63275
       80260          63300
       80258          63308
       80255          63317
       80250          63333
       80249          63337
       80248          63342
       80245          63350
       80240          63363
       80234          63375
       80223          63400
       80217          63410
       80212          63420
       80200          63440
       80198          63442
       80197          63445
       80194          63450
       80186          63463
       80177          63475
       80159          63500
       80157          63503
       80155          63506
       80150          63513
       80143          63522
       80135          63531
       80120          63550
       80115          63556
       80110          63562
       80100          63573
       80094          63580
       80087          63587
       80075          63600
       80069          63606
       80063          63613
       80050          63625
       80044          63632
       80037          63638
       80024          63650
       80018          63656
       80012          63662
       80000          63674
       79993          63680
       79986          63687
       79972          63700
       79967          63706
       79961          63711
       79950          63723
       79944          63730
       79937          63736
       79925          63750
       79919          63758
       79912          63765
       79900          63780
       79896          63785
       79892          63790
       79885          63800
       79876          63813
       79868          63825
       79851          63850
       79851          63851
       79851          63851
       79850          63852
       79843          63864
       79837          63876
       79823          63900
       79818          63912
       79812          63923
       79800          63946
       79800          63947
       79799          63948
       79798          63950
       79793          63963
       79787          63975
       79776          64000
       79771          64013
       79766          64025
       79755          64050
       79754          64053
       79753          64057
       79750          64064
       79747          64073
       79743          64082
       79737          64100
       79733          64113
       79729          64125
       79720          64150
       79717          64163
       79713          64175
       79706          64200
       79705          64207
       79703          64214
       79700          64227
       79699          64233
       79697          64239
       79695          64250
       79693          64263
       79691          64275
       79687          64300
       79686          64313
       79685          64325
       79682          64350
       79682          64363
       79682          64375
       79682          64400
       79682          64413
       79682          64425
       79683          64450
       79684          64463
       79685          64475
       79686          64500
       79686          64513
       79686          64525
       79687          64550
       79686          64563
       79685          64575
       79683          64600
       79681          64613
       79679          64625
       79674          64650
       79671          64663
       79668          64675
       79661          64700
       79658          64708
       79655          64716
       79650          64732
       79649          64737
       79648          64741
       79645          64750
       79642          64763
       79639          64775
       79633          64800
       79631          64813
       79630          64825
       79626          64850
       79626          64863
       79626          64875
       79627          64900
       79630          64913
       79633          64925
       79640          64950
       79643          64955
       79645          64959
       79650          64969
       79656          64977
       79662          64984
       79673          65000
       79680          65007
       79687          65013
       79700          65027
       79713          65033
       79725          65039
       79750          65050
       79763          65050
       79775          65049
       79800          65049
       79813          65046
       79825          65043
       79850          65037
       79863          65034
       79875          65031
       79900          65025
       79913          65023
       79925          65022
       79950          65019
       79963          65019
       79975          65020
       80000          65021
       80013          65024
       80025          65027
       80050          65032
       80061          65037
       80072          65041
       80093          65050
       80095          65051
       80097          65051
       80100          65052
       80113          65059
       80125          65065
       80150          65077
       80160          65083
       80169          65089
       80188          65100
       80191          65102
       80194          65103
       80200          65107
       80213          65114
       80225          65122
       80250          65136
       80257          65139
       80264          65143
       80277          65150
       80283          65153
       80289          65156
       80300          65161
       80313          65167
       80325          65172
       80350          65182
       80363          65186
       80375          65190
       80400          65198
       80402          65199
       80404          65199
       80408          65200
       80419          65203
       80429          65205
       80450          65210
       80463          65212
       80475          65214
       80500          65218
       80513          65219
       80525          65220
       80550          65222
       80563          65222
       80575          65222
       80600          65223
       80613          65222
       80625          65222
       80650          65221
       80663          65220
       80675          65219
       80700          65217
       80713          65217
       80725          65216
       80750          65214
       80763          65213
       80775          65213
       80800          65211
       80813          65211
       80825          65210
       80850          65209
       80863          65208
       80875          65208
       80900          65207
       80913          65207
       80925          65206
       80950          65206
       80963          65206
       80975          65205
       81000          65205
       81013          65205
       81025          65205
       81050          65205
       81063          65205
       81075          65206
       81100          65206
       81113          65207
       81125          65207
       81150          65208
       81163          65209
       81175          65210
       81200          65211
       81213          65212
       81225          65212
       81250          65214
       81262          65212
       81275          65210
       81299          65200
       81300          65200
       81300          65200
       81300          65200
       81313          65187
       81321          65175
       81330          65150
       81337          65138
       81342          65125
       81349          65100
       81349          65100
       81350          65099
       81350          65098
       81356          65086
       81362          65074
       81371          65050
       81379          65039
       81387          65029
       81400          65008
       81401          65006
       81403          65004
       81405          65000
       81417          64992
       81428          64985
       81450          64968
       81462          64964
       81475          64959
       81500          64950
       81500          64950
       81500          64950
       81500          64950
       81500          64950
       81500          64950
       81500          64950
       81513          64953
       81525          64955
       81550          64960
       81563          64969
       81575          64978
       81600          64993
       81602          64995
       81604          64997
       81607          65000
       81614          65013
       81622          65025
       81642          65050
       81644          65055
       81646          65059
       81650          65068
       81654          65076
       81657          65084
       81667          65100
       81672          65113
       81677          65125
       81694          65150
       81695          65153
       81697          65156
       81700          65162
       81712          65178
       81725          65188
       81749          65200
       81749          65200
       81750          65200
       81750          65201
       81763          65208
       81775          65214
       81800          65221
       81813          65226
       81825          65230
       81850          65236
       81858          65240
       81866          65244
       81882          65250
       81887          65254
       81891          65258
       81900          65265
       81906          65274
       81912          65283
       81925          65300
       81922          65313
       81919          65325
       81912          65350
       81909          65352
       81906          65355
       81900          65360
       81888          65364
       81875          65369
       81850          65380
       81838          65380
       81825          65381
       81800          65382
       81788          65379
       81775          65376
       81750          65368
       81741          65364
       81731          65359
       81712          65350
       81709          65348
       81706          65346
       81700          65342
       81688          65335
       81675          65330
       81650          65320
       81638          65318
       81625          65315
       81600          65311
       81588          65310
       81575          65308
       81550          65305
       81540          65304
       81531          65303
       81512          65300
       81509          65300
       81506          65299
       81500          65298
       81488          65296
       81475          65294
       81450          65289
       81438          65288
       81425          65286
       81400          65281
       81388          65282
       81375          65283
       81350          65285
       81347          65289
       81344          65293
       81339          65300
       81330          65313
       81324          65325
       81316          65350
       81312          65363
       81309          65375
       81305          65400
       81305          65413
       81305          65425
       81305          65450
       81309          65463
       81312          65475
       81318          65500
       81325          65513
       81333          65525
       81346          65550
       81347          65551
       81348          65552
       81350          65554
       81363          65561
       81375          65569
       81400          65584
       81413          65587
       81425          65590
       81450          65597
       81463          65597
       81475          65598
       81500          65599
       81513          65598
       81525          65598
       81550          65596
       81563          65596
       81575          65595
       81600          65594
       81613          65595
       81625          65596
       81650          65598
       81652          65598
       81654          65599
       81658          65600
       81668          65602
       81679          65604
       81700          65609
       81713          65616
       81725          65623
       81750          65641
       81752          65643
       81754          65645
       81758          65650
       81769          65658
       81779          65667
       81800          65687
       81803          65690
       81805          65693
       81810          65700
       81821          65711
       81832          65721
       81850          65743
       81851          65745
       81853          65746
       81855          65750
       81866          65763
       81876          65775
       81893          65800
       81895          65802
       81897          65805
       81900          65809
       81907          65819
       81913          65830
       81924          65850
       81930          65863
       81936          65875
       81947          65900
       81948          65902
       81949          65904
       81950          65908
       81954          65919
       81957          65929
       81963          65950
       81966          65963
       81969          65975
       81973          66000
       81974          66013
       81975          66025
       81977          66050
       81976          66063
       81975          66075
       81973          66100
       81971          66113
       81968          66125
       81962          66150
       81959          66157
       81956          66163
       81950          66177
       81948          66183
       81945          66188
       81940          66200
       81933          66213
       81925          66225
       81909          66250
       81907          66253
       81905          66255
       81900          66260
       81893          66270
       81886          66280
       81872          66300
       81867          66306
       81861          66311
       81850          66322
       81844          66329
       81838          66336
       81826          66350
       81820          66356
       81813          66362
       81800          66374
       81794          66381
       81787          66387
       81774          66400
       81768          66406
       81762          66411
       81750          66423
       81742          66429
       81735          66436
       81720          66450
       81715          66455
       81710          66461
       81700          66472
       81692          66479
       81684          66486
       81669          66500
       81664          66507
       81660          66514
       81650          66528
       81645          66533
       81641          66539
       81632          66550
       81626          66563
       81620          66575
       81608          66600
       81606          66606
       81604          66613
       81600          66625
       81598          66632
       81595          66638
       81591          66650
       81587          66663
       81584          66675
       81577          66700
       81574          66713
       81571          66725
       81567          66750
       81565          66763
       81563          66775
       81560          66800
       81557          66812
       81555          66823
       81550          66846
       81550          66847
       81550          66848
       81549          66850
       81544          66863
       81539          66875
       81529          66900
       81522          66911
       81514          66923
       81500          66946
       81499          66947
       81499          66948
       81497          66950
       81486          66963
       81475          66975
       81452          67000
       81451          67000
       81451          67001
       81450          67002
       81438          67010
       81425          67019
       81400          67035
       81388          67037
       81375          67040
       81350          67046
       81338          67042
       81325          67037
       81300          67027
       81294          67020
       81288          67014
       81277          67000
       81270          66989
       81263          66979
       81250          66957
       81249          66955
       81248          66954
       81247          66950
       81241          66938
       81236          66925
       81224          66900
       81219          66888
       81213          66876
       81200          66852
       81200          66852
       81199          66851
       81198          66850
       81190          66838
       81181          66825
       81157          66800
       81155          66798
       81154          66797
       81150          66793
       81138          66787
       81125          66781
       81100          66771
       81088          66770
       81075          66769
       81050          66767
       81038          66769
       81025          66770
       81000          66774
       80988          66777
       80975          66780
       80950          66786
       80942          66790
       80934          66793
       80918          66800
       80914          66802
       80909          66805
       80900          66811
       80889          66819
       80879          66828
       80857          66850
       80855          66853
       80854          66857
       80850          66864
       80846          66873
       80842          66882
       80834          66900
       80833          66913
       80833          66925
       80831          66950
       80834          66963
       80836          66975
       80840          67000
       80843          67007
       80845          67014
       80850          67028
       80852          67033
       80854          67039
       80857          67050
       80863          67063
       80869          67075
       80880          67100
       80885          67109
       80890          67117
       80900          67134
       80902          67138
       80905          67142
       80909          67150
       80918          67163
       80926          67175
       80944          67200
       80946          67202
       80947          67204
       80950          67209
       80957          67219
       80964          67229
       80979          67250
       80984          67258
       80990          67265
       81000          67280
       81004          67285
       81007          67290
       81015          67300
       81022          67313
       81030          67325
       81045          67350
       81046          67353
       81047          67355
       81050          67361
       81055          67371
       81060          67380
       81069          67400
       81074          67413
       81079          67425
       81089          67450
       81092          67458
       81094          67465
       81100          67481
       81102          67486
       81104          67490
       81107          67500
       81112          67513
       81116          67525
       81125          67550
       81129          67563
       81134          67575
       81143          67600
       81145          67605
       81146          67610
       81150          67620
       81153          67627
       81156          67635
       81161          67650
       81166          67663
       81170          67675
       81180          67700
       81184          67713
       81189          67725
       81199          67750
       81199          67751
       81199          67752
       81200          67754
       81205          67765
       81209          67777
       81213          67786
       81242          67788
       81272          67790
       81302          67793
       81332          67795
       81362          67797
       81392          67799
       81422          67801
       81452          67803
       81481          67806
       81511          67808
       81541          67810
       81569          67812
492;   10;  2;  -2780.00
       80550          65005
       80540          65004
       80531          65002
       80512          65000
       80509          65000
       80506          64999
       80500          64998
       80488          64993
       80475          64987
       80450          64975
       80442          64969
       80433          64963
       80417          64950
       80412          64945
       80408          64940
       80400          64931
       80394          64923
       80389          64915
       80378          64900
       80373          64888
       80368          64875
       80357          64850
       80356          64843
       80354          64835
       80350          64820
       80349          64815
       80348          64810
       80345          64800
       80343          64788
       80341          64775
       80337          64750
       80335          64738
       80332          64725
       80328          64700
       80325          64688
       80323          64675
       80317          64650
       80315          64638
       80312          64625
       80306          64600
       80304          64594
       80303          64588
       80300          64576
       80298          64570
       80297          64563
       80293          64550
       80290          64538
       80287          64525
       80281          64500
       80278          64488
       80275          64475
       80268          64450
       80265          64438
       80262          64425
       80257          64400
       80255          64388
       80253          64377
       80250          64354
       80250          64353
       80250          64352
       80249          64350
       80249          64338
       80250          64325
       80250          64300
       80250          64300
       80250          64300
       80250          64300
       80252          64287
       80255          64275
       80260          64250
       80265          64238
       80270          64225
       80283          64200
       80287          64193
       80291          64186
       80300          64172
       80303          64167
       80307          64161
       80315          64150
       80323          64138
       80331          64125
       80349          64100
       80349          64099
       80349          64099
       80350          64098
       80356          64086
       80361          64074
       80373          64050
       80377          64038
       80381          64025
       80389          64000
       80391          63988
       80393          63975
       80397          63950
       80398          63938
       80398          63925
       80399          63900
       80399          63888
       80399          63875
       80399          63850
       80399          63844
       80400          63839
       80400          63828
       80400          63821
       80401          63814
       80401          63800
       80403          63788
       80405          63775
       80408          63750
       80412          63738
       80416          63725
       80423          63700
       80429          63688
       80435          63675
       80446          63650
       80447          63649
       80448          63647
       80450          63645
       80461          63633
       80472          63622
       80493          63600
       80495          63599
       80496          63597
       80500          63594
       80513          63589
       80525          63585
       80550          63575
       80563          63575
       80575          63576
       80600          63577
       80611          63583
       80623          63589
       80646          63600
       80647          63601
       80648          63601
       80650          63602
       80663          63613
       80675          63623
       80700          63640
       80703          63643
       80705          63645
       80711          63650
       80720          63658
       80730          63665
       80750          63677
       80759          63684
       80768          63689
       80787          63700
       80790          63702
       80793          63703
       80800          63706
       80813          63712
       80825          63718
       80850          63727
       80863          63731
       80875          63735
       80900          63742
       80911          63744
       80921          63746
       80942          63750
       80944          63750
       80946          63751
       80950          63751
       80963          63753
       80975          63755
       81000          63758
       81013          63760
       81025          63761
       81050          63763
       81063          63764
       81075          63766
       81100          63768
       81113          63769
       81125          63771
       81150          63773
       81163          63775
       81175          63777
       81200          63781
       81213          63784
       81225          63786
       81250          63792
       81256          63794
       81262          63796
       81273          63800
       81280          63802
       81287          63805
       81300          63810
       81313          63815
       81325          63821
       81350          63833
       81358          63837
       81365          63841
       81381          63850
       81386          63853
       81390          63855
       81400          63861
       81413          63868
       81425          63876
       81450          63890
       81454          63893
       81458          63895
       81467          63900
       81475          63905
       81483          63910
       81500          63919
       81513          63927
       81525          63934
       81550          63948
       81551          63948
       81552          63949
       81554          63950
       81566          63957
       81577          63963
       81600          63976
       81612          63982
       81624          63988
       81648          64000
       81648          64000
       81649          64001
       81650          64001
       81663          64008
       81675          64014
       81700          64026
       81713          64031
       81725          64037
       81750          64047
       81752          64048
       81754          64049
       81757          64050
       81768          64054
       81779          64059
       81800          64067
       81813          64071
       81825          64075
       81850          64084
       81863          64087
       81875          64091
       81900          64098
       81902          64098
       81904          64099
       81908          64100
       81919          64103
       81929          64106
       81950          64111
       81963          64114
       81975          64117
       82000          64123
       82013          64126
       82025          64129
       82050          64135
       82063          64138
       82075          64141
       82100          64147
       82102          64148
       82105          64149
       82109          64150
       82120          64153
       82130          64156
       82150          64161
       82163          64165
       82175          64169
       82200          64177
       82213          64182
       82225          64186
       82250          64196
       82253          64197
       82256          64198
       82261          64200
       82271          64204
       82281          64209
       82300          64217
       82313          64224
       82325          64230
       82350          64243
       82353          64245
       82356          64247
       82362          64250
       82372          64256
       82381          64262
       82400          64276
       82408          64281
       82417          64287
       82433          64300
       82437          64304
       82442          64308
       82450          64316
       82459          64324
       82467          64333
       82485          64350
       82489          64355
       82493          64360
       82500          64371
       82506          64378
       82512          64385
       82523          64400
       82530          64413
       82536          64425
       82548          64450
       82549          64451
       82549          64453
       82550          64456
       82554          64467
       82557          64478
       82564          64500
       82565          64513
       82566          64525
       82568          64550
       82566          64563
       82564          64575
       82560          64600
       82557          64605
       82555          64611
       82550          64621
       82547          64629
       82544          64636
       82539          64650
       82531          64663
       82522          64675
       82503          64700
       82502          64701
       82501          64701
       82500          64703
       82488          64716
       82476          64729
       82452          64750
       82452          64750
       82451          64751
       82450          64752
       82438          64762
       82425          64771
       82400          64788
       82395          64791
       82391          64794
       82382          64800
       82374          64804
       82366          64808
       82350          64816
       82338          64822
       82325          64828
       82300          64838
       82291          64841
       82282          64844
       82264          64850
       82261          64851
       82257          64852
       82250          64854
       82238          64857
       82225          64859
       82200          64863
       82188          64864
       82175          64865
       82150          64866
       82138          64866
       82125          64865
       82100          64863
       82088          64861
       82075          64858
       82050          64853
       82047          64853
       82045          64852
       82039          64850
       82030          64847
       82020          64843
       82000          64837
       81988          64831
       81975          64826
       81950          64814
       81944          64811
       81938          64807
       81925          64800
       81919          64796
       81913          64792
       81900          64784
       81889          64775
       81878          64767
       81856          64750
       81855          64749
       81853          64747
       81850          64744
       81838          64733
       81826          64722
       81803          64700
       81802          64699
       81801          64699
       81800          64697
       81788          64685
       81775          64673
       81751          64650
       81751          64650
       81750          64650
       81750          64649
       81738          64639
       81725          64628
       81700          64610
       81695          64607
       81690          64605
       81680          64600
       81673          64596
       81665          64592
       81650          64584
       81638          64580
       81625          64576
       81600          64568
       81588          64566
       81575          64564
       81550          64561
       81538          64560
       81525          64559
       81500          64557
       81488          64556
       81475          64556
       81450          64555
       81438          64555
       81425          64555
       81400          64555
       81388          64555
       81375          64555
       81350          64556
       81338          64556
       81325          64556
       81300          64557
       81288          64558
       81275          64559
       81250          64560
       81238          64561
       81225          64562
       81200          64564
       81188          64566
       81175          64567
       81150          64571
       81138          64573
       81125          64576
       81100          64581
       81088          64584
       81075          64588
       81050          64595
       81047          64596
       81044          64598
       81039          64600
       81029          64604
       81019          64608
       81000          64616
       80988          64624
       80975          64631
       80950          64647
       80949          64648
       80948          64648
       80946          64650
       80935          64660
       80923          64670
       80900          64691
       80898          64693
       80896          64695
       80892          64700
       80881          64713
       80871          64725
       80851          64750
       80851          64750
       80851          64751
       80850          64751
       80841          64764
       80833          64776
       80817          64800
       80813          64806
       80808          64812
       80800          64824
       80796          64831
       80792          64837
       80783          64850
       80775          64861
       80767          64872
       80750          64894
       80749          64895
       80748          64897
       80745          64900
       80734          64911
       80723          64923
       80700          64945
       80699          64946
       80697          64947
       80694          64950
       80683          64957
       80672          64964
       80650          64977
       80638          64983
       80625          64988
       80600          64998
       80597          64999
       80594          64999
       80588          65000
       80578          65001
       80569          65002
78;   10;  3;  -2780.00
       80900          63236
       80888          63234
       80875          63233
       80850          63230
       80838          63227
       80825          63222
       80800          63212
       80795          63209
       80791          63206
       80782          63200
       80772          63189
       80764          63178
       80750          63156
       80749          63155
       80748          63153
       80747          63150
       80745          63138
       80743          63125
       80740          63100
       80743          63091
       80745          63082
       80750          63064
       80751          63061
       80752          63057
       80754          63050
       80763          63038
       80773          63025
       80792          63000
       80794          62999
       80796          62997
       80800          62995
       80813          62988
       80825          62982
       80850          62969
       80863          62965
       80875          62962
       80900          62955
       80913          62955
       80925          62954
       80950          62954
       80963          62956
       80975          62959
       81000          62965
       81013          62971
       81025          62977
       81050          62989
       81054          62992
       81058          62994
       81066          63000
       81075          63013
       81083          63025
       81099          63050
       81099          63052
       81100          63055
       81100          63059
       81101          63069
       81102          63080
       81104          63100
       81103          63103
       81102          63107
       81100          63114
       81097          63123
       81094          63132
       81087          63150
       81079          63161
       81070          63171
       81050          63193
       81047          63195
       81045          63196
       81040          63200
       81030          63205
       81020          63210
       81000          63219
       80988          63223
       80975          63226
       80950          63232
       80938          63233
       80925          63234
192;   10;  4;  -2780.00
       82250          61965
       82238          61961
       82225          61957
       82200          61950
       82200          61950
       82200          61950
       82200          61950
       82187          61945
       82175          61940
       82150          61930
       82138          61923
       82125          61917
       82100          61904
       82098          61903
       82097          61902
       82093          61900
       82082          61891
       82072          61883
       82050          61867
       82044          61863
       82038          61858
       82025          61850
       82019          61844
       82013          61838
       82000          61826
       81991          61819
       81983          61813
       81965          61800
       81962          61796
       81958          61792
       81950          61784
       81938          61774
       81926          61766
       81903          61750
       81902          61749
       81901          61749
       81900          61747
       81888          61739
       81875          61732
       81850          61719
       81838          61714
       81825          61709
       81800          61701
       81799          61700
       81799          61700
       81798          61700
       81786          61695
       81774          61691
       81750          61682
       81738          61678
       81725          61674
       81700          61666
       81688          61662
       81676          61658
       81652          61650
       81652          61650
       81651          61650
       81650          61649
       81638          61642
       81625          61634
       81600          61619
       81594          61615
       81589          61610
       81577          61600
       81570          61591
       81564          61583
       81550          61566
       81548          61562
       81546          61558
       81541          61550
       81538          61538
       81535          61525
       81529          61500
       81531          61488
       81532          61475
       81536          61450
       81539          61444
       81543          61437
       81550          61424
       81555          61418
       81560          61412
       81569          61400
       81577          61395
       81584          61389
       81600          61378
       81613          61371
       81625          61365
       81650          61350
       81650          61350
       81650          61350
       81651          61350
       81663          61346
       81675          61342
       81700          61332
       81713          61328
       81725          61323
       81750          61312
       81756          61309
       81763          61306
       81775          61300
       81781          61297
       81788          61295
       81800          61289
       81813          61283
       81825          61278
       81850          61265
       81859          61262
       81869          61258
       81888          61250
       81891          61249
       81894          61247
       81900          61245
       81913          61243
       81925          61241
       81950          61236
       81962          61239
       81975          61242
       81999          61250
       81999          61250
       82000          61250
       82000          61250
       82013          61263
       82026          61275
       82048          61300
       82048          61301
       82049          61302
       82050          61303
       82056          61315
       82062          61327
       82072          61350
       82077          61363
       82082          61375
       82091          61400
       82093          61407
       82096          61414
       82100          61428
       82101          61434
       82103          61439
       82106          61450
       82109          61463
       82113          61475
       82121          61500
       82126          61513
       82132          61525
       82144          61550
       82146          61552
       82147          61554
       82150          61558
       82156          61569
       82161          61579
       82172          61600
       82179          61607
       82186          61613
       82200          61625
       82205          61631
       82210          61638
       82222          61650
       82229          61655
       82236          61660
       82250          61669
       82262          61677
       82274          61685
       82299          61700
       82299          61700
       82299          61701
       82300          61701
       82313          61712
       82325          61723
       82350          61749
       82350          61750
       82350          61750
       82350          61750
       82356          61763
       82361          61775
       82370          61800
       82370          61813
       82371          61825
       82371          61850
       82368          61863
       82365          61875
       82359          61900
       82357          61904
       82355          61908
       82350          61916
       82343          61924
       82335          61933
       82319          61950
       82314          61953
       82309          61957
       82300          61963
       82288          61963
       82275          61964
78;   10;  5;  -2780.00
       82400          60406
       82392          60405
       82384          60403
       82368          60400
       82363          60399
       82359          60397
       82350          60394
       82340          60383
       82332          60372
       82318          60350
       82315          60338
       82311          60325
       82306          60300
       82306          60288
       82305          60275
       82305          60250
       82307          60238
       82310          60225
       82314          60200
       82318          60188
       82322          60175
       82331          60150
       82335          60138
       82340          60127
       82350          60103
       82351          60103
       82351          60102
       82353          60100
       82360          60088
       82369          60075
       82389          60050
       82391          60043
       82394          60035
       82400          60020
       82413          60017
       82425          60015
       82450          60011
       82458          60021
       82466          60031
       82483          60050
       82487          60053
       82491          60055
       82500          60060
       82507          60070
       82514          60080
       82526          60100
       82533          60111
       82539          60122
       82550          60144
       82551          60145
       82551          60147
       82552          60150
       82554          60163
       82556          60175
       82559          60200
       82557          60213
       82556          60225
       82553          60250
       82552          60252
       82552          60254
       82550          60258
       82545          60268
       82540          60279
       82531          60300
       82523          60312
       82515          60325
       82500          60350
       82500          60350
       82500          60350
       82500          60350
       82487          60359
       82475          60369
       82450          60390
       82443          60392
       82435          60395
       82421          60400
       82415          60401
       82410          60403
318;   10;  6;  -2780.00
       82400          59958
       82399          59956
       82398          59954
       82397          59950
       82385          59941
       82373          59934
       82350          59923
       82344          59917
       82338          59911
       82327          59900
       82320          59895
       82313          59891
       82300          59883
       82290          59874
       82280          59865
       82260          59850
       82258          59848
       82255          59846
       82250          59843
       82238          59832
       82225          59821
       82200          59803
       82199          59802
       82198          59801
       82196          59800
       82185          59790
       82173          59781
       82150          59763
       82146          59760
       82142          59756
       82134          59750
       82125          59743
       82117          59736
       82100          59721
       82094          59716
       82088          59711
       82075          59700
       82069          59694
       82063          59687
       82050          59674
       82044          59668
       82039          59662
       82028          59650
       82021          59640
       82013          59630
       82000          59611
       81998          59608
       81997          59605
       81993          59600
       81988          59588
       81982          59575
       81971          59550
       81968          59538
       81965          59525
       81958          59500
       81956          59488
       81955          59475
       81952          59450
       81951          59438
       81951          59425
       81951          59400
       81952          59388
       81953          59375
       81955          59350
       81958          59338
       81961          59325
       81967          59300
       81971          59288
       81976          59275
       81986          59250
       81989          59244
       81993          59237
       82000          59225
       82004          59219
       82007          59212
       82015          59200
       82023          59189
       82032          59177
       82050          59154
       82051          59153
       82052          59152
       82054          59150
       82065          59138
       82076          59126
       82100          59103
       82101          59102
       82101          59101
       82103          59100
       82115          59090
       82126          59080
       82150          59060
       82153          59057
       82156          59055
       82163          59050
       82172          59043
       82181          59036
       82200          59022
       82207          59016
       82215          59011
       82230          59000
       82235          58996
       82240          58992
       82250          58984
       82260          58976
       82271          58967
       82291          58950
       82293          58948
       82296          58946
       82300          58942
       82310          58931
       82320          58921
       82340          58900
       82342          58897
       82345          58894
       82350          58887
       82357          58878
       82364          58869
       82377          58850
       82383          58841
       82389          58832
       82400          58814
       82402          58811
       82404          58807
       82409          58800
       82417          58788
       82424          58775
       82440          58750
       82442          58746
       82445          58742
       82450          58733
       82455          58725
       82461          58717
       82472          58700
       82479          58690
       82486          58680
       82500          58660
       82502          58657
       82504          58655
       82507          58650
       82517          58638
       82527          58625
       82547          58600
       82548          58599
       82549          58598
       82550          58597
       82561          58585
       82572          58573
       82593          58550
       82595          58548
       82597          58547
       82600          58543
       82612          58532
       82624          58522
       82648          58500
       82648          58500
       82649          58499
       82650          58498
       82663          58489
       82675          58480
       82700          58462
       82706          58459
       82712          58456
       82723          58450
       82730          58447
       82737          58443
       82750          58436
       82763          58433
       82775          58429
       82800          58421
       82813          58420
       82825          58419
       82850          58417
       82863          58419
       82875          58421
       82900          58426
       82912          58432
       82923          58438
       82946          58450
       82947          58451
       82948          58451
       82950          58452
       82963          58463
       82975          58474
       83000          58497
       83001          58498
       83001          58498
       83003          58500
       83012          58513
       83021          58525
       83039          58550
       83042          58555
       83044          58560
       83050          58570
       83054          58578
       83057          58585
       83064          58600
       83068          58613
       83072          58625
       83079          58650
       83081          58663
       83083          58675
       83087          58700
       83087          58713
       83087          58725
       83088          58750
       83086          58763
       83085          58775
       83083          58800
       83081          58813
       83079          58825
       83075          58850
       83071          58863
       83068          58875
       83063          58900
       83060          58911
       83056          58921
       83050          58943
       83049          58945
       83049          58946
       83048          58950
       83043          58963
       83038          58975
       83029          59000
       83023          59013
       83017          59025
       83005          59050
       83003          59052
       83002          59053
       83000          59057
       82992          59068
       82985          59078
       82970          59100
       82965          59105
       82960          59111
       82950          59122
       82942          59129
       82935          59136
       82920          59150
       82915          59154
       82910          59158
       82900          59165
       82888          59173
       82875          59181
       82850          59198
       82849          59198
       82848          59199
       82846          59200
       82835          59206
       82823          59212
       82800          59224
       82788          59230
       82777          59236
       82753          59250
       82753          59250
       82752          59251
       82750          59252
       82738          59259
       82725          59266
       82700          59284
       82695          59287
       82690          59291
       82680          59300
       82672          59308
       82664          59315
       82650          59331
       82646          59336
       82642          59340
       82635          59350
       82627          59363
       82620          59375
       82607          59400
       82605          59404
       82603          59408
       82600          59416
       82596          59424
       82593          59433
       82586          59450
       82582          59463
       82579          59475
       82571          59500
       82568          59513
       82564          59525
       82558          59550
       82556          59558
       82554          59566
       82550          59583
       82549          59587
       82547          59591
       82545          59600
       82542          59613
       82538          59625
       82531          59650
       82528          59663
       82525          59675
       82519          59700
       82516          59713
       82514          59725
       82508          59750
       82506          59760
       82504          59769
       82500          59789
       82499          59791
       82498          59794
       82496          59800
       82492          59813
       82489          59825
       82479          59850
       82475          59863
       82470          59875
       82459          59900
       82457          59907
       82455          59914
       82450          59928
       82440          59935
       82429          59941
       82408          59950
       82406          59952
       82404          59954
868;   10;  7;  -2780.00
       82406          62274
       82408          62266
       82410          62250
       82419          62238
       82424          62225
       82431          62200
       82437          62190
       82442          62179
       82450          62158
       82451          62156
       82451          62154
       82452          62150
       82458          62138
       82463          62125
       82471          62100
       82476          62088
       82482          62075
       82491          62050
       82493          62045
       82495          62039
       82500          62029
       82503          62022
       82506          62014
       82511          62000
       82517          61988
       82523          61975
       82535          61950
       82539          61943
       82543          61936
       82550          61922
       82553          61917
       82557          61911
       82563          61900
       82571          61888
       82578          61875
       82594          61850
       82596          61847
       82597          61845
       82600          61839
       82606          61829
       82613          61820
       82626          61800
       82632          61788
       82638          61776
       82650          61752
       82650          61751
       82651          61751
       82651          61750
       82656          61738
       82660          61725
       82670          61700
       82672          61688
       82675          61675
       82680          61650
       82681          61638
       82682          61625
       82684          61600
       82684          61588
       82684          61575
       82683          61550
       82682          61538
       82680          61525
       82677          61500
       82674          61488
       82671          61475
       82665          61450
       82661          61440
       82658          61429
       82650          61409
       82649          61406
       82648          61404
       82647          61400
       82641          61388
       82635          61375
       82624          61350
       82618          61340
       82612          61329
       82600          61308
       82599          61306
       82598          61304
       82596          61300
       82588          61288
       82580          61275
       82565          61250
       82561          61244
       82558          61239
       82550          61227
       82546          61220
       82542          61214
       82533          61200
       82525          61188
       82517          61175
       82502          61150
       82501          61149
       82501          61149
       82500          61147
       82493          61135
       82486          61124
       82473          61100
       82467          61089
       82461          61078
       82450          61057
       82449          61055
       82448          61053
       82447          61050
       82441          61038
       82436          61025
       82425          61000
       82421          60988
       82416          60975
       82408          60950
       82406          60943
       82404          60936
       82400          60922
       82399          60917
       82397          60911
       82394          60900
       82392          60888
       82389          60875
       82385          60850
       82383          60838
       82382          60825
       82379          60800
       82379          60788
       82379          60775
       82379          60750
       82381          60738
       82384          60725
       82388          60700
       82391          60694
       82394          60687
       82400          60674
       82403          60668
       82405          60662
       82410          60650
       82420          60638
       82430          60626
       82450          60601
       82450          60601
       82450          60601
       82451          60600
       82463          60588
       82475          60575
       82500          60551
       82500          60551
       82500          60550
       82501          60550
       82512          60538
       82524          60525
       82547          60500
       82548          60499
       82549          60498
       82550          60497
       82560          60485
       82570          60473
       82590          60450
       82592          60447
       82595          60444
       82600          60438
       82608          60428
       82616          60419
       82632          60400
       82636          60394
       82641          60388
       82650          60377
       82656          60370
       82663          60363
       82675          60350
       82681          60342
       82687          60334
       82700          60319
       82705          60314
       82710          60310
       82721          60300
       82728          60291
       82735          60282
       82750          60264
       82754          60261
       82757          60257
       82765          60250
       82773          60238
       82782          60225
       82797          60200
       82798          60198
       82799          60196
       82800          60192
       82805          60182
       82810          60171
       82819          60150
       82821          60138
       82823          60125
       82828          60100
       82828          60088
       82829          60075
       82829          60050
       82828          60038
       82827          60025
       82825          60000
       82823          59988
       82820          59975
       82815          59950
       82811          59939
       82807          59928
       82800          59906
       82800          59904
       82799          59903
       82798          59900
       82793          59888
       82788          59875
       82777          59850
       82771          59838
       82764          59825
       82752          59800
       82752          59799
       82751          59798
       82750          59796
       82745          59784
       82740          59773
       82730          59750
       82726          59738
       82721          59725
       82713          59700
       82710          59688
       82707          59675
       82702          59650
       82701          59646
       82701          59641
       82700          59633
       82699          59624
       82699          59616
       82697          59600
       82698          59588
       82699          59575
       82700          59550
       82700          59550
       82700          59549
       82700          59548
       82703          59536
       82705          59524
       82711          59500
       82716          59488
       82722          59475
       82733          59450
       82737          59444
       82742          59439
       82750          59428
       82756          59421
       82763          59414
       82776          59400
       82782          59395
       82788          59390
       82800          59381
       82813          59373
       82825          59366
       82850          59350
       82850          59350
       82850          59350
       82851          59350
       82863          59344
       82875          59339
       82900          59327
       82913          59322
       82925          59316
       82950          59305
       82953          59304
       82955          59302
       82960          59300
       82970          59295
       82980          59290
       83000          59280
       83012          59273
       83023          59266
       83046          59250
       83047          59249
       83048          59248
       83050          59247
       83063          59237
       83075          59227
       83100          59203
       83101          59202
       83101          59201
       83103          59200
       83115          59188
       83127          59175
       83148          59150
       83148          59149
       83149          59149
       83150          59147
       83160          59136
       83170          59124
       83189          59100
       83192          59096
       83194          59092
       83200          59084
       83207          59076
       83214          59067
       83228          59050
       83234          59043
       83239          59036
       83250          59021
       83255          59016
       83260          59011
       83270          59000
       83278          58992
       83285          58984
       83300          58967
       83305          58963
       83311          58959
       83321          58950
       83328          58944
       83336          58938
       83350          58926
       83361          58919
       83372          58913
       83393          58900
       83395          58899
       83397          58898
       83400          58896
       83413          58890
       83425          58885
       83450          58875
       83463          58872
       83475          58868
       83500          58862
       83513          58861
       83525          58859
       83539          58858
       83538          58838
       83536          58808
       83533          58776
       83531          58745
       83530          58732
       83527          58701
       83524          58669
       83521          58639
       83519          58613
       83517          58587
       83514          58558
       83512          58531
       83511          58513
       83508          58483
       83506          58454
       83505          58442
       83503          58413
       83501          58382
       83501          58376
       83499          58347
       83498          58316
       83497          58285
       83497          58280
       83496          58249
       83495          58218
       83494          58190
       83494          58183
       83493          58153
       83493          58124
       83493          58115
       83493          58085
       83493          58082
       83488          58079
       83461          58064
       83435          58049
       83409          58034
       83383          58020
       83357          58005
       83331          57990
       83305          57975
       83298          57976
       83268          57978
       83238          57981
       83209          57984
       83179          57987
       83149          57990
       83119          57993
       83089          57996
       83059          57998
       83029          58001
       82999          58004
       82970          58007
       82940          58010
       82910          58013
       82880          58015
       82850          58018
       82820          58021
       82790          58024
       82761          58027
       82731          58030
       82701          58033
       82680          58034
       82677          58036
       82655          58050
       82654          58051
       82652          58051
       82650          58053
       82638          58061
       82625          58070
       82600          58087
       82596          58090
       82591          58093
       82583          58100
       82574          58106
       82566          58112
       82550          58125
       82542          58131
       82535          58137
       82520          58150
       82515          58154
       82510          58159
       82500          58167
       82491          58175
       82482          58183
       82465          58200
       82461          58203
       82457          58207
       82450          58214
       82441          58223
       82432          58232
       82415          58250
       82411          58254
       82407          58258
       82400          58266
       82392          58275
       82385          58283
       82370          58300
       82365          58306
       82360          58312
       82350          58324
       82345          58330
       82339          58337
       82329          58350
       82321          58359
       82314          58368
       82300          58387
       82298          58390
       82295          58393
       82290          58400
       82281          58413
       82272          58425
       82254          58450
       82253          58451
       82252          58453
       82250          58456
       82243          58467
       82235          58478
       82220          58500
       82215          58508
       82210          58515
       82200          58531
       82197          58536
       82194          58540
       82188          58550
       82180          58563
       82173          58575
       82157          58600
       82156          58603
       82154          58606
       82150          58612
       82144          58621
       82139          58631
       82128          58650
       82121          58661
       82114          58671
       82100          58693
       82099          58695
       82098          58696
       82096          58700
       82087          58713
       82079          58725
       82061          58750
       82058          58753
       82056          58757
       82050          58764
       82043          58773
       82035          58782
       82020          58800
       82015          58805
       82010          58810
       82000          58821
       81993          58828
       81985          58836
       81970          58850
       81965          58855
       81960          58859
       81950          58869
       81941          58877
       81932          58885
       81913          58900
       81910          58903
       81907          58906
       81900          58911
       81888          58921
       81877          58931
       81854          58950
       81853          58951
       81852          58952
       81850          58953
       81838          58965
       81825          58976
       81800          59000
       81800          59000
       81800          59000
       81800          59000
       81789          59013
       81778          59025
       81757          59050
       81755          59052
       81753          59055
       81750          59059
       81743          59070
       81737          59080
       81724          59100
       81718          59112
       81712          59124
       81700          59149
       81700          59149
       81700          59149
       81699          59150
       81695          59163
       81691          59175
       81682          59200
       81679          59213
       81675          59225
       81669          59250
       81667          59263
       81665          59275
       81660          59300
       81659          59313
       81658          59325
       81655          59350
       81655          59363
       81654          59375
       81653          59400
       81653          59413
       81653          59425
       81653          59450
       81653          59463
       81653          59475
       81653          59500
       81654          59513
       81655          59525
       81656          59550
       81658          59563
       81660          59575
       81664          59600
       81668          59613
       81671          59625
       81678          59650
       81684          59662
       81689          59675
       81700          59700
       81700          59700
       81700          59700
       81700          59700
       81707          59713
       81714          59725
       81729          59750
       81734          59758
       81739          59766
       81750          59781
       81754          59786
       81757          59791
       81764          59800
       81773          59810
       81782          59819
       81800          59838
       81803          59841
       81806          59844
       81813          59850
       81822          59857
       81831          59864
       81850          59877
       81859          59883
       81868          59889
       81887          59900
       81890          59902
       81893          59904
       81900          59907
       81913          59914
       81925          59921
       81950          59934
       81957          59938
       81963          59942
       81977          59950
       81982          59954
       81988          59957
       82000          59964
       82012          59973
       82024          59982
       82049          60000
       82049          60000
       82049          60001
       82050          60001
       82062          60013
       82073          60026
       82093          60050
       82095          60053
       82097          60056
       82100          60062
       82105          60071
       82109          60081
       82118          60100
       82121          60113
       82124          60125
       82129          60150
       82130          60163
       82131          60175
       82132          60200
       82132          60213
       82131          60225
       82130          60250
       82128          60263
       82127          60275
       82123          60300
       82120          60313
       82118          60325
       82112          60350
       82109          60359
       82106          60367
       82100          60385
       82098          60389
       82097          60392
       82094          60400
       82088          60413
       82082          60425
       82070          60450
       82065          60459
       82060          60468
       82050          60487
       82048          60490
       82046          60493
       82043          60500
       82036          60513
       82029          60525
       82016          60550
       82012          60557
       82008          60564
       82000          60577
       81997          60583
       81994          60589
       81988          60600
       81980          60613
       81972          60625
       81956          60650
       81954          60652
       81953          60654
       81950          60658
       81942          60668
       81933          60679
       81915          60700
       81912          60704
       81908          60708
       81900          60716
       81891          60725
       81882          60733
       81864          60750
       81860          60753
       81857          60756
       81850          60762
       81840          60772
       81829          60781
       81809          60800
       81807          60802
       81804          60804
       81800          60809
       81790          60819
       81781          60829
       81761          60850
       81759          60853
       81756          60857
       81750          60864
       81743          60873
       81735          60882
       81720          60900
       81715          60906
       81710          60913
       81700          60925
       81695          60932
       81690          60938
       81679          60950
       81672          60958
       81665          60966
       81650          60982
       81645          60987
       81641          60991
       81631          61000
       81624          61007
       81616          61014
       81600          61027
       81592          61033
       81584          61039
       81567          61050
       81563          61053
       81559          61056
       81550          61061
       81538          61068
       81525          61075
       81500          61089
       81494          61091
       81488          61094
       81477          61100
       81470          61103
       81463          61107
       81450          61113
       81438          61119
       81425          61125
       81400          61137
       81393          61140
       81387          61143
       81373          61150
       81367          61153
       81362          61156
       81350          61163
       81338          61170
       81325          61177
       81300          61194
       81298          61195
       81296          61197
       81291          61200
       81281          61209
       81271          61218
       81250          61238
       81247          61241
       81245          61244
       81240          61250
       81231          61263
       81222          61275
       81206          61300
       81205          61303
       81203          61306
       81200          61313
       81196          61322
       81191          61331
       81183          61350
       81179          61363
       81174          61375
       81166          61400
       81162          61413
       81159          61425
       81152          61450
       81152          61453
       81151          61456
       81150          61462
       81148          61472
       81146          61481
       81142          61500
       81141          61513
       81139          61525
       81136          61550
       81136          61563
       81136          61575
       81136          61600
       81137          61613
       81139          61625
       81144          61650
       81145          61654
       81147          61658
       81150          61665
       81153          61674
       81157          61683
       81163          61700
       81172          61713
       81180          61725
       81198          61750
       81198          61751
       81199          61751
       81200          61752
       81210          61764
       81221          61776
       81241          61800
       81243          61802
       81245          61804
       81250          61809
       81261          61819
       81271          61829
       81291          61850
       81293          61852
       81296          61854
       81300          61858
       81313          61868
       81325          61879
       81350          61900
       81350          61900
       81350          61900
       81351          61900
       81363          61908
       81375          61915
       81400          61930
       81411          61935
       81422          61940
       81444          61950
       81446          61951
       81447          61951
       81450          61952
       81463          61956
       81475          61960
       81500          61968
       81513          61971
       81525          61975
       81550          61981
       81563          61984
       81575          61987
       81600          61994
       81606          61995
       81613          61997
       81626          62000
       81632          62001
       81638          62003
       81650          62006
       81663          62009
       81675          62012
       81700          62018
       81713          62021
       81725          62024
       81750          62030
       81763          62032
       81775          62035
       81800          62040
       81813          62043
       81825          62045
       81850          62050
       81850          62050
       81850          62050
       81850          62050
       81863          62053
       81875          62056
       81900          62062
       81913          62067
       81925          62071
       81950          62081
       81958          62086
       81966          62091
       81983          62100
       81987          62103
       81991          62105
       82000          62110
       82013          62120
       82025          62129
       82050          62147
       82051          62148
       82052          62148
       82055          62150
       82066          62157
       82077          62164
       82100          62177
       82112          62183
       82125          62189
       82150          62200
       82150          62200
       82150          62200
       82150          62200
       82163          62205
       82175          62210
       82200          62220
       82213          62224
       82225          62228
       82250          62237
       82261          62240
       82272          62243
       82294          62250
       82296          62251
       82297          62251
       82300          62252
       82313          62255
       82325          62258
       82350          62267
       82363          62268
       82375          62270
       82400          62282
54;   11;  0;  -2775.00
       81750          67456
       81738          67455
       81725          67455
       81700          67453
       81699          67452
       81697          67452
       81695          67450
       81683          67442
       81672          67434
       81650          67418
       81647          67413
       81644          67409
       81637          67400
       81632          67388
       81627          67375
       81618          67350
       81620          67338
       81622          67325
       81625          67300
       81632          67293
       81638          67286
       81650          67271
       81657          67266
       81665          67261
       81680          67250
       81685          67248
       81690          67246
       81700          67241
       81713          67240
       81725          67239
       81750          67237
       81758          67240
       81766          67243
       81782          67250
       81787          67254
       81791          67257
       81800          67264
       81806          67273
       81812          67282
       81824          67300
       81825          67313
       81827          67325
       81831          67350
       81828          67363
       81824          67375
       81817          67400
       81813          67406
       81809          67413
       81800          67425
       81791          67432
       81782          67438
       81764          67450
       81760          67452
       81757          67453
368;   11;  1;  -2775.00
       82993          67904
       82999          67872
       83005          67840
       83011          67809
       83016          67783
       83022          67755
       83028          67727
       83034          67701
       83038          67682
       83044          67653
       83051          67623
       83053          67615
       83061          67585
       83069          67554
       83076          67527
       83083          67498
       83090          67469
       83092          67461
       83098          67432
       83105          67401
       83111          67372
       83114          67357
       83118          67330
       83122          67299
       83124          67284
       83127          67255
       83130          67224
       83133          67193
       83134          67179
       83137          67148
       83140          67118
       83142          67090
       83144          67070
       83146          67041
       83148          67012
       83149          66994
       83151          66966
       83154          66934
       83155          66920
       83158          66891
       83161          66860
       83164          66829
       83165          66814
       83168          66783
       83171          66753
       83174          66725
       83176          66707
       83177          66685
       83175          66686
       83150          66688
       83138          66689
       83125          66690
       83100          66691
       83088          66691
       83075          66691
       83050          66691
       83038          66690
       83025          66689
       83000          66687
       82988          66685
       82975          66682
       82950          66678
       82938          66674
       82925          66669
       82900          66661
       82895          66658
       82890          66655
       82880          66650
       82873          66646
       82865          66642
       82850          66634
       82839          66626
       82829          66617
       82807          66600
       82806          66599
       82804          66597
       82800          66595
       82788          66584
       82776          66573
       82753          66550
       82752          66549
       82751          66549
       82750          66548
       82738          66536
       82725          66524
       82700          66500
       82700          66500
       82700          66500
       82700          66500
       82688          66489
       82675          66477
       82650          66455
       82649          66453
       82648          66452
       82645          66450
       82634          66440
       82623          66431
       82600          66412
       82596          66409
       82593          66406
       82585          66400
       82576          66393
       82568          66387
       82550          66374
       82539          66368
       82528          66362
       82507          66350
       82505          66349
       82503          66348
       82500          66346
       82488          66343
       82475          66340
       82450          66333
       82438          66334
       82425          66335
       82400          66336
       82390          66340
       82381          66343
       82362          66350
       82359          66351
       82356          66352
       82350          66355
       82338          66364
       82325          66373
       82300          66395
       82299          66396
       82298          66397
       82295          66400
       82287          66413
       82280          66425
       82267          66450
       82263          66463
       82258          66475
       82250          66500
       82246          66513
       82241          66525
       82232          66550
       82226          66563
       82220          66575
       82206          66600
       82205          66603
       82203          66605
       82200          66611
       82189          66622
       82179          66632
       82157          66650
       82156          66652
       82154          66654
       82150          66658
       82138          66658
       82125          66657
       82100          66656
       82099          66655
       82098          66653
       82096          66650
       82087          66638
       82080          66625
       82069          66600
       82064          66589
       82059          66579
       82050          66557
       82050          66555
       82049          66554
       82048          66550
       82044          66538
       82039          66525
       82030          66500
       82024          66491
       82017          66482
       82000          66464
       81992          66460
       81984          66456
       81967          66450
       81963          66449
       81959          66448
       81950          66446
       81946          66447
       81942          66448
       81934          66450
       81925          66452
       81917          66454
       81900          66458
       81888          66466
       81875          66474
       81850          66490
       81848          66493
       81845          66495
       81840          66500
       81834          66513
       81827          66525
       81814          66550
       81812          66563
       81811          66575
       81806          66600
       81808          66613
       81811          66625
       81816          66650
       81820          66663
       81825          66675
       81837          66700
       81840          66709
       81843          66718
       81850          66737
       81852          66740
       81855          66743
       81860          66750
       81863          66763
       81867          66775
       81877          66800
       81875          66813
       81873          66825
       81869          66850
       81864          66854
       81860          66858
       81850          66865
       81841          66875
       81831          66885
       81812          66900
       81809          66901
       81806          66903
       81800          66905
       81788          66913
       81775          66921
       81750          66934
       81745          66938
       81740          66942
       81731          66950
       81723          66955
       81715          66960
       81700          66970
       81692          66978
       81683          66985
       81666          67000
       81662          67003
       81658          67006
       81650          67012
       81639          67022
       81628          67032
       81607          67050
       81605          67051
       81603          67053
       81600          67055
       81588          67066
       81575          67077
       81550          67098
       81549          67098
       81549          67099
       81548          67100
       81536          67110
       81524          67120
       81500          67140
       81497          67142
       81494          67145
       81487          67150
       81478          67158
       81469          67167
       81450          67183
       81445          67187
       81439          67191
       81429          67200
       81422          67208
       81414          67215
       81400          67231
       81395          67235
       81390          67240
       81380          67250
       81372          67263
       81364          67275
       81350          67300
       81350          67300
       81350          67301
       81350          67302
       81347          67314
       81344          67326
       81338          67350
       81338          67363
       81338          67375
       81338          67400
       81340          67413
       81341          67425
       81345          67450
       81346          67456
       81347          67461
       81350          67473
       81352          67480
       81353          67486
       81356          67500
       81360          67513
       81363          67525
       81371          67550
       81376          67563
       81380          67575
       81390          67600
       81392          67605
       81395          67611
       81400          67622
       81404          67629
       81407          67636
       81415          67650
       81422          67663
       81430          67675
       81446          67700
       81447          67701
       81448          67702
       81450          67705
       81460          67716
       81471          67727
       81493          67750
       81494          67752
       81496          67754
       81500          67757
       81513          67768
       81525          67778
       81550          67799
       81550          67799
       81551          67799
       81552          67800
       81564          67808
       81569          67812
       81571          67812
       81601          67814
       81631          67817
       81661          67819
       81691          67821
       81721          67823
       81751          67825
       81781          67828
       81811          67830
       81841          67832
       81870          67834
       81900          67836
       81930          67838
       81960          67841
       81990          67843
       82020          67845
       82050          67847
       82080          67849
       82110          67852
       82140          67854
       82170          67856
       82200          67858
       82229          67860
       82259          67862
       82289          67865
       82319          67867
       82349          67869
       82379          67871
       82409          67873
       82439          67876
       82469          67878
       82499          67880
       82529          67882
       82559          67884
       82589          67886
       82618          67889
       82648          67891
       82678          67893
       82708          67895
       82738          67897
       82768          67900
       82798          67902
       82828          67904
       82858          67906
       82888          67908
       82918          67911
       82948          67913
       82977          67915
       82991          67916
492;   11;  2;  -2775.00
       80559          65004
       80569          65002
       80588          65000
       80591          65000
       80594          64999
       80600          64998
       80613          64993
       80625          64988
       80650          64977
       80661          64971
       80672          64964
       80694          64950
       80696          64949
       80697          64947
       80700          64945
       80711          64934
       80723          64923
       80745          64900
       80747          64898
       80748          64897
       80750          64894
       80758          64883
       80767          64872
       80783          64850
       80787          64844
       80792          64837
       80800          64824
       80804          64818
       80808          64812
       80817          64800
       80825          64788
       80833          64776
       80850          64751
       80850          64751
       80851          64751
       80851          64750
       80861          64738
       80871          64725
       80892          64700
       80894          64698
       80896          64695
       80900          64691
       80912          64680
       80923          64670
       80946          64650
       80947          64649
       80948          64648
       80950          64647
       80963          64639
       80975          64631
       81000          64616
       81010          64612
       81019          64608
       81039          64600
       81041          64599
       81044          64598
       81050          64595
       81063          64592
       81075          64588
       81100          64581
       81113          64578
       81125          64576
       81150          64571
       81163          64569
       81175          64567
       81200          64564
       81213          64563
       81225          64562
       81250          64560
       81263          64559
       81275          64559
       81300          64557
       81313          64557
       81325          64556
       81350          64556
       81363          64555
       81375          64555
       81400          64555
       81413          64555
       81425          64555
       81450          64555
       81463          64556
       81475          64556
       81500          64557
       81513          64558
       81525          64559
       81550          64561
       81563          64563
       81575          64564
       81600          64568
       81613          64572
       81625          64576
       81650          64584
       81658          64587
       81665          64592
       81680          64600
       81685          64602
       81690          64605
       81700          64610
       81713          64619
       81725          64628
       81750          64649
       81750          64649
       81750          64650
       81751          64650
       81763          64661
       81775          64673
       81800          64697
       81801          64698
       81801          64699
       81803          64700
       81815          64711
       81826          64722
       81850          64744
       81852          64746
       81853          64747
       81856          64750
       81867          64758
       81878          64767
       81900          64784
       81906          64788
       81913          64792
       81925          64800
       81931          64804
       81938          64807
       81950          64814
       81963          64820
       81975          64826
       82000          64837
       82010          64840
       82020          64843
       82039          64850
       82042          64851
       82045          64852
       82050          64853
       82063          64856
       82075          64858
       82100          64863
       82113          64864
       82125          64865
       82150          64866
       82163          64866
       82175          64865
       82200          64863
       82213          64861
       82225          64859
       82250          64854
       82254          64853
       82257          64852
       82264          64850
       82273          64847
       82282          64844
       82300          64838
       82313          64833
       82325          64828
       82350          64816
       82358          64812
       82366          64808
       82382          64800
       82386          64797
       82391          64794
       82400          64788
       82413          64780
       82425          64771
       82450          64752
       82451          64751
       82451          64751
       82452          64750
       82464          64740
       82476          64729
       82500          64703
       82501          64702
       82501          64701
       82503          64700
       82513          64688
       82522          64675
       82539          64650
       82541          64643
       82544          64636
       82550          64621
       82552          64616
       82555          64611
       82560          64600
       82562          64588
       82564          64575
       82568          64550
       82567          64538
       82566          64525
       82564          64500
       82561          64489
       82557          64478
       82550          64456
       82550          64454
       82549          64453
       82548          64450
       82542          64438
       82536          64425
       82523          64400
       82517          64393
       82512          64385
       82500          64371
       82496          64366
       82493          64360
       82485          64350
       82476          64341
       82467          64333
       82450          64316
       82446          64312
       82442          64308
       82433          64300
       82425          64294
       82417          64287
       82400          64276
       82391          64269
       82381          64262
       82362          64250
       82359          64248
       82356          64247
       82350          64243
       82338          64236
       82325          64230
       82300          64217
       82290          64213
       82281          64209
       82261          64200
       82258          64199
       82256          64198
       82250          64196
       82238          64191
       82225          64186
       82200          64177
       82188          64173
       82175          64169
       82150          64161
       82140          64159
       82130          64156
       82109          64150
       82107          64149
       82105          64149
       82100          64147
       82088          64144
       82075          64141
       82050          64135
       82038          64132
       82025          64129
       82000          64123
       81988          64120
       81975          64117
       81950          64111
       81940          64108
       81929          64106
       81908          64100
       81906          64099
       81904          64099
       81900          64098
       81888          64094
       81875          64091
       81850          64084
       81838          64080
       81825          64075
       81800          64067
       81789          64063
       81779          64059
       81757          64050
       81755          64049
       81754          64049
       81750          64047
       81738          64042
       81725          64037
       81700          64026
       81688          64020
       81675          64014
       81650          64001
       81649          64001
       81649          64001
       81648          64000
       81636          63994
       81624          63988
       81600          63976
       81589          63969
       81577          63963
       81554          63950
       81553          63949
       81552          63949
       81550          63948
       81538          63941
       81525          63934
       81500          63919
       81492          63915
       81483          63910
       81467          63900
       81463          63898
       81458          63895
       81450          63890
       81438          63883
       81425          63876
       81400          63861
       81395          63858
       81390          63855
       81381          63850
       81373          63846
       81365          63841
       81350          63833
       81338          63827
       81325          63821
       81300          63810
       81293          63807
       81287          63805
       81273          63800
       81267          63798
       81262          63796
       81250          63792
       81238          63789
       81225          63786
       81200          63781
       81188          63779
       81175          63777
       81150          63773
       81138          63772
       81125          63771
       81100          63768
       81088          63767
       81075          63766
       81050          63763
       81038          63762
       81025          63761
       81000          63758
       80988          63757
       80975          63755
       80950          63751
       80948          63751
       80946          63751
       80942          63750
       80932          63748
       80921          63746
       80900          63742
       80888          63738
       80875          63735
       80850          63727
       80838          63723
       80825          63718
       80800          63706
       80797          63705
       80793          63703
       80787          63700
       80778          63695
       80768          63689
       80750          63677
       80740          63671
       80730          63665
       80711          63650
       80708          63648
       80705          63645
       80700          63640
       80688          63632
       80675          63623
       80650          63602
       80649          63602
       80648          63601
       80646          63600
       80634          63594
       80623          63589
       80600          63577
       80588          63576
       80575          63576
       80550          63575
       80538          63580
       80525          63585
       80500          63594
       80498          63596
       80496          63597
       80493          63600
       80482          63611
       80472          63622
       80450          63645
       80449          63646
       80448          63647
       80446          63650
       80441          63663
       80435          63675
       80423          63700
       80420          63713
       80416          63725
       80408          63750
       80406          63763
       80405          63775
       80401          63800
       80401          63807
       80401          63814
       80400          63828
       80400          63833
       80400          63839
       80399          63850
       80399          63863
       80399          63875
       80399          63900
       80399          63913
       80398          63925
       80397          63950
       80395          63963
       80393          63975
       80389          64000
       80385          64013
       80381          64025
       80373          64050
       80367          64062
       80361          64074
       80350          64098
       80350          64098
       80349          64099
       80349          64100
       80339          64113
       80331          64125
       80315          64150
       80311          64156
       80307          64161
       80300          64172
       80295          64179
       80291          64186
       80283          64200
       80276          64213
       80270          64225
       80260          64250
       80257          64262
       80255          64275
       80250          64300
       80250          64300
       80250          64300
       80250          64300
       80250          64313
       80250          64325
       80249          64350
       80249          64351
       80250          64352
       80250          64354
       80252          64365
       80253          64377
       80257          64400
       80260          64413
       80262          64425
       80268          64450
       80271          64463
       80275          64475
       80281          64500
       80284          64513
       80287          64525
       80293          64550
       80295          64557
       80297          64563
       80300          64576
       80301          64582
       80303          64588
       80306          64600
       80309          64613
       80312          64625
       80317          64650
       80320          64663
       80323          64675
       80328          64700
       80330          64713
       80332          64725
       80337          64750
       80339          64763
       80341          64775
       80345          64800
       80346          64805
       80348          64810
       80350          64820
       80352          64828
       80354          64835
       80357          64850
       80363          64863
       80368          64875
       80378          64900
       80384          64908
       80389          64915
       80400          64931
       80404          64936
       80408          64940
       80417          64950
       80425          64956
       80433          64963
       80450          64975
       80463          64981
       80475          64987
       80500          64998
       80503          64999
       80506          64999
       80512          65000
       80521          65001
       80531          65002
       80550          65005
78;   11;  3;  -2775.00
       80913          63235
       80925          63234
       80950          63232
       80963          63229
       80975          63226
       81000          63219
       81010          63215
       81020          63210
       81040          63200
       81042          63198
       81045          63196
       81050          63193
       81060          63182
       81070          63171
       81087          63150
       81091          63141
       81094          63132
       81100          63114
       81101          63110
       81102          63107
       81104          63100
       81103          63090
       81102          63080
       81100          63059
       81100          63057
       81100          63055
       81099          63050
       81091          63038
       81083          63025
       81066          63000
       81062          62997
       81058          62994
       81050          62989
       81038          62983
       81025          62977
       81000          62965
       80988          62962
       80975          62959
       80950          62954
       80938          62954
       80925          62954
       80900          62955
       80888          62958
       80875          62962
       80850          62969
       80838          62975
       80825          62982
       80800          62995
       80798          62996
       80796          62997
       80792          63000
       80782          63013
       80773          63025
       80754          63050
       80753          63054
       80752          63057
       80750          63064
       80748          63073
       80745          63082
       80740          63100
       80741          63113
       80743          63125
       80747          63150
       80748          63152
       80748          63153
       80750          63156
       80756          63167
       80764          63178
       80782          63200
       80786          63203
       80791          63206
       80800          63212
       80813          63218
       80825          63222
       80850          63230
       80863          63232
       80875          63233
       80900          63236
192;   11;  4;  -2775.00
       82263          61964
       82275          61964
       82300          61963
       82305          61960
       82309          61957
       82319          61950
       82327          61941
       82335          61933
       82350          61916
       82352          61912
       82355          61908
       82359          61900
       82362          61888
       82365          61875
       82371          61850
       82371          61838
       82371          61825
       82370          61800
       82366          61788
       82361          61775
       82350          61750
       82350          61750
       82350          61750
       82350          61749
       82338          61736
       82325          61723
       82300          61701
       82300          61701
       82299          61701
       82299          61700
       82286          61692
       82274          61685
       82250          61669
       82243          61664
       82236          61660
       82222          61650
       82216          61644
       82210          61638
       82200          61625
       82193          61619
       82186          61613
       82172          61600
       82167          61590
       82161          61579
       82150          61558
       82149          61556
       82147          61554
       82144          61550
       82138          61538
       82132          61525
       82121          61500
       82116          61488
       82113          61475
       82106          61450
       82104          61445
       82103          61439
       82100          61428
       82098          61421
       82096          61414
       82091          61400
       82087          61388
       82082          61375
       82072          61350
       82067          61338
       82062          61327
       82050          61303
       82049          61302
       82049          61302
       82048          61300
       82037          61288
       82026          61275
       82000          61250
       82000          61250
       82000          61250
       81999          61250
       81987          61246
       81975          61242
       81950          61236
       81938          61239
       81925          61241
       81900          61245
       81897          61246
       81894          61247
       81888          61250
       81878          61254
       81869          61258
       81850          61265
       81838          61272
       81825          61278
       81800          61289
       81794          61292
       81788          61295
       81775          61300
       81769          61303
       81763          61306
       81750          61312
       81738          61317
       81725          61323
       81700          61332
       81688          61337
       81675          61342
       81651          61350
       81651          61350
       81650          61350
       81650          61350
       81638          61358
       81625          61365
       81600          61378
       81592          61383
       81584          61389
       81569          61400
       81564          61406
       81560          61412
       81550          61424
       81546          61431
       81543          61437
       81536          61450
       81534          61463
       81532          61475
       81529          61500
       81532          61513
       81535          61525
       81541          61550
       81543          61554
       81546          61558
       81550          61566
       81557          61574
       81564          61583
       81577          61600
       81583          61605
       81589          61610
       81600          61619
       81613          61627
       81625          61634
       81650          61649
       81651          61649
       81651          61650
       81652          61650
       81664          61654
       81676          61658
       81700          61666
       81713          61670
       81725          61674
       81750          61682
       81762          61687
       81774          61691
       81798          61700
       81798          61700
       81799          61700
       81800          61701
       81813          61705
       81825          61709
       81850          61719
       81863          61725
       81875          61732
       81900          61747
       81901          61748
       81901          61749
       81903          61750
       81915          61758
       81926          61766
       81950          61784
       81954          61788
       81958          61792
       81965          61800
       81974          61806
       81983          61813
       82000          61826
       82006          61832
       82013          61838
       82025          61850
       82032          61854
       82038          61858
       82050          61867
       82061          61875
       82072          61883
       82093          61900
       82095          61901
       82097          61902
       82100          61904
       82113          61911
       82125          61917
       82150          61930
       82162          61935
       82175          61940
       82200          61950
       82200          61950
       82200          61950
       82200          61950
       82213          61954
       82225          61957
       82250          61965
78;   11;  5;  -2775.00
       82405          60405
       82410          60403
       82421          60400
       82428          60397
       82435          60395
       82450          60390
       82462          60379
       82475          60369
       82500          60350
       82500          60350
       82500          60350
       82500          60350
       82507          60337
       82515          60325
       82531          60300
       82535          60289
       82540          60279
       82550          60258
       82551          60256
       82552          60254
       82553          60250
       82554          60238
       82556          60225
       82559          60200
       82558          60188
       82556          60175
       82552          60150
       82552          60148
       82551          60147
       82550          60144
       82545          60133
       82539          60122
       82526          60100
       82520          60090
       82514          60080
       82500          60060
       82496          60058
       82491          60055
       82483          60050
       82474          60040
       82466          60031
       82450          60011
       82438          60013
       82425          60015
       82400          60020
       82397          60028
       82394          60035
       82389          60050
       82378          60063
       82369          60075
       82353          60100
       82352          60101
       82351          60102
       82350          60103
       82345          60115
       82340          60127
       82331          60150
       82326          60163
       82322          60175
       82314          60200
       82312          60213
       82310          60225
       82305          60250
       82305          60263
       82305          60275
       82306          60300
       82308          60313
       82311          60325
       82318          60350
       82325          60361
       82332          60372
       82350          60394
       82354          60396
       82359          60397
       82368          60400
       82376          60402
       82384          60403
       82400          60406
318;   11;  6;  -2775.00
       82402          59956
       82404          59954
       82408          59950
       82419          59946
       82429          59941
       82450          59928
       82452          59921
       82455          59914
       82459          59900
       82465          59888
       82470          59875
       82479          59850
       82484          59838
       82489          59825
       82496          59800
       82497          59797
       82498          59794
       82500          59789
       82502          59779
       82504          59769
       82508          59750
       82511          59738
       82514          59725
       82519          59700
       82522          59688
       82525          59675
       82531          59650
       82535          59638
       82538          59625
       82545          59600
       82546          59596
       82547          59591
       82550          59583
       82552          59575
       82554          59566
       82558          59550
       82561          59538
       82564          59525
       82571          59500
       82575          59488
       82579          59475
       82586          59450
       82590          59441
       82593          59433
       82600          59416
       82602          59412
       82603          59408
       82607          59400
       82613          59388
       82620          59375
       82635          59350
       82639          59345
       82642          59340
       82650          59331
       82657          59323
       82664          59315
       82680          59300
       82685          59296
       82690          59291
       82700          59284
       82713          59275
       82725          59266
       82750          59252
       82751          59251
       82752          59251
       82753          59250
       82765          59243
       82777          59236
       82800          59224
       82812          59218
       82823          59212
       82846          59200
       82847          59199
       82848          59199
       82850          59198
       82863          59190
       82875          59181
       82900          59165
       82905          59161
       82910          59158
       82920          59150
       82927          59143
       82935          59136
       82950          59122
       82955          59116
       82960          59111
       82970          59100
       82977          59089
       82985          59078
       83000          59057
       83001          59055
       83002          59053
       83005          59050
       83011          59038
       83017          59025
       83029          59000
       83034          58988
       83038          58975
       83048          58950
       83048          58948
       83049          58946
       83050          58943
       83053          58932
       83056          58921
       83063          58900
       83066          58888
       83068          58875
       83075          58850
       83076          58838
       83079          58825
       83083          58800
       83084          58788
       83085          58775
       83088          58750
       83087          58738
       83087          58725
       83087          58700
       83085          58688
       83083          58675
       83079          58650
       83076          58638
       83072          58625
       83064          58600
       83061          58593
       83057          58585
       83050          58570
       83047          58565
       83044          58560
       83039          58550
       83030          58538
       83021          58525
       83003          58500
       83002          58499
       83001          58498
       83000          58497
       82988          58485
       82975          58474
       82950          58452
       82949          58452
       82948          58451
       82946          58450
       82935          58444
       82923          58438
       82900          58426
       82888          58424
       82875          58421
       82850          58417
       82838          58418
       82825          58419
       82800          58421
       82788          58425
       82775          58429
       82750          58436
       82743          58440
       82737          58443
       82723          58450
       82718          58453
       82712          58456
       82700          58462
       82688          58471
       82675          58480
       82650          58498
       82649          58499
       82649          58499
       82648          58500
       82636          58511
       82624          58522
       82600          58543
       82598          58545
       82597          58547
       82593          58550
       82583          58562
       82572          58573
       82550          58597
       82549          58597
       82549          58598
       82547          58600
       82537          58613
       82527          58625
       82507          58650
       82505          58652
       82504          58655
       82500          58660
       82493          58670
       82486          58680
       82472          58700
       82466          58708
       82461          58717
       82450          58733
       82447          58738
       82445          58742
       82440          58750
       82432          58763
       82424          58775
       82409          58800
       82407          58804
       82404          58807
       82400          58814
       82394          58823
       82389          58832
       82377          58850
       82370          58859
       82364          58869
       82350          58887
       82347          58890
       82345          58894
       82340          58900
       82330          58910
       82320          58921
       82300          58942
       82298          58944
       82296          58946
       82291          58950
       82281          58959
       82271          58967
       82250          58984
       82245          58988
       82240          58992
       82230          59000
       82222          59005
       82215          59011
       82200          59022
       82191          59029
       82181          59036
       82163          59050
       82160          59052
       82156          59055
       82150          59060
       82138          59070
       82126          59080
       82103          59100
       82102          59101
       82101          59101
       82100          59103
       82088          59115
       82076          59126
       82054          59150
       82053          59151
       82052          59152
       82050          59154
       82041          59166
       82032          59177
       82015          59200
       82011          59206
       82007          59212
       82000          59225
       81996          59231
       81993          59237
       81986          59250
       81981          59263
       81976          59275
       81967          59300
       81964          59313
       81961          59325
       81955          59350
       81954          59363
       81953          59375
       81951          59400
       81951          59413
       81951          59425
       81952          59450
       81953          59463
       81955          59475
       81958          59500
       81961          59513
       81965          59525
       81971          59550
       81977          59563
       81982          59575
       81993          59600
       81995          59603
       81997          59605
       82000          59611
       82007          59620
       82013          59630
       82028          59650
       82033          59656
       82039          59662
       82050          59674
       82056          59681
       82063          59687
       82075          59700
       82082          59705
       82088          59711
       82100          59721
       82108          59728
       82117          59736
       82134          59750
       82138          59753
       82142          59756
       82150          59763
       82162          59772
       82173          59781
       82196          59800
       82197          59801
       82198          59801
       82200          59803
       82213          59812
       82225          59821
       82250          59843
       82253          59845
       82255          59846
       82260          59850
       82270          59857
       82280          59865
       82300          59883
       82307          59887
       82313          59891
       82327          59900
       82332          59905
       82338          59911
       82350          59923
       82362          59928
       82373          59934
       82397          59950
       82398          59952
       82398          59954
       82400          59958
54;   12;  0;  -2770.00
       81753          67455
       81757          67453
       81764          67450
       81773          67444
       81782          67438
       81800          67425
       81805          67419
       81809          67413
       81817          67400
       81821          67388
       81824          67375
       81831          67350
       81829          67338
       81827          67325
       81824          67300
       81818          67291
       81812          67282
       81800          67264
       81796          67261
       81791          67257
       81782          67250
       81774          67247
       81766          67243
       81750          67237
       81738          67238
       81725          67239
       81700          67241
       81695          67243
       81690          67246
       81680          67250
       81672          67256
       81665          67261
       81650          67271
       81644          67278
       81638          67286
       81625          67300
       81623          67313
       81622          67325
       81618          67350
       81623          67363
       81627          67375
       81637          67400
       81640          67404
       81644          67409
       81650          67418
       81661          67426
       81672          67434
       81695          67450
       81696          67451
       81697          67452
       81700          67453
       81713          67454
       81725          67455
       81750          67456
